image_name,label
010f6b4ae375622b3b64_crop_01_word_01.png,Phương
010f6b4ae375622b3b64_crop_01_word_02.png,Nguyễn
010f6b4ae375622b3b64_crop_02_word_00.png,Trâm
010f6b4ae375622b3b64_crop_02_word_01.png,Mai
010f6b4ae375622b3b64_crop_02_word_02.png,Thị
010f6b4ae375622b3b64_crop_02_word_03.png,Phạm
010f6b4ae375622b3b64_crop_03_word_00.png,Phương
010f6b4ae375622b3b64_crop_03_word_01.png,Thu
010f6b4ae375622b3b64_crop_03_word_02.png,Vũ
010f6b4ae375622b3b64_crop_04_word_00.png,My
010f6b4ae375622b3b64_crop_04_word_01.png,Thảo
010f6b4ae375622b3b64_crop_04_word_02.png,Nguyễn
010f6b4ae375622b3b64_crop_05_word_00.png,Vân
010f6b4ae375622b3b64_crop_05_word_01.png,Hồng
010f6b4ae375622b3b64_crop_05_word_02.png,Thị
010f6b4ae375622b3b64_crop_05_word_03.png,Nguyễn
010f6b4ae375622b3b64_crop_06_word_00.png,Tân
010f6b4ae375622b3b64_crop_06_word_01.png,Minh
010f6b4ae375622b3b64_crop_06_word_02.png,Thi
010f6b4ae375622b3b64_crop_06_word_03.png,Giáp
010f6b4ae375622b3b64_crop_07_word_00.png,Thảo
010f6b4ae375622b3b64_crop_07_word_01.png,Thạch
010f6b4ae375622b3b64_crop_07_word_02.png,Ngọc
010f6b4ae375622b3b64_crop_07_word_03.png,Nguyễn
010f6b4ae375622b3b64_crop_08_word_00.png,Anh
010f6b4ae375622b3b64_crop_08_word_01.png,Hương
010f6b4ae375622b3b64_crop_08_word_02.png,Lý
010f6b4ae375622b3b64_crop_09_word_00.png,Nguyệt
010f6b4ae375622b3b64_crop_09_word_01.png,Minh
010f6b4ae375622b3b64_crop_09_word_02.png,Thị
010f6b4ae375622b3b64_crop_09_word_03.png,Nguyễn
010f6b4ae375622b3b64_crop_10_word_00.png,Dũng
010f6b4ae375622b3b64_crop_10_word_01.png,Vũ
010f6b4ae375622b3b64_crop_10_word_02.png,Nguyễn
010f6b4ae375622b3b64_crop_11_word_00.png,Lâm
010f6b4ae375622b3b64_crop_11_word_01.png,Tùng
010f6b4ae375622b3b64_crop_11_word_02.png,Nguyễn
010f6b4ae375622b3b64_crop_12_word_00.png,Quỳnh
010f6b4ae375622b3b64_crop_12_word_01.png,Anh
010f6b4ae375622b3b64_crop_12_word_02.png,Thị
010f6b4ae375622b3b64_crop_12_word_03.png,Nguyễn
010f6b4ae375622b3b64_crop_13_word_00.png,Anh
010f6b4ae375622b3b64_crop_13_word_01.png,Quỳnh
010f6b4ae375622b3b64_crop_13_word_02.png,Trần
010f6b4ae375622b3b64_crop_14_word_00.png,Trang
010f6b4ae375622b3b64_crop_14_word_01.png,Mai
010f6b4ae375622b3b64_crop_14_word_02.png,Đỗ
010f6b4ae375622b3b64_crop_15_word_00.png,Vy
010f6b4ae375622b3b64_crop_15_word_01.png,Ngọc
010f6b4ae375622b3b64_crop_15_word_02.png,Hoàng
010f6b4ae375622b3b64_crop_15_word_03.png,Nguyễn
0a6ae3a4c79d46c31f8c_crop_01_word_00.png,Trường
0a6ae3a4c79d46c31f8c_crop_01_word_01.png,Văn
0a6ae3a4c79d46c31f8c_crop_01_word_02.png,Nguyễn
0a6ae3a4c79d46c31f8c_crop_02_word_00.png,Trang
0a6ae3a4c79d46c31f8c_crop_02_word_01.png,Huyền
0a6ae3a4c79d46c31f8c_crop_02_word_02.png,Thị
0a6ae3a4c79d46c31f8c_crop_02_word_03.png,Trần
0a6ae3a4c79d46c31f8c_crop_03_word_00.png,Lan
0a6ae3a4c79d46c31f8c_crop_03_word_01.png,Thị
0a6ae3a4c79d46c31f8c_crop_03_word_02.png,Lê
0a6ae3a4c79d46c31f8c_crop_04_word_00.png,Hải
0a6ae3a4c79d46c31f8c_crop_04_word_01.png,Tiến
0a6ae3a4c79d46c31f8c_crop_04_word_02.png,Cao
0a6ae3a4c79d46c31f8c_crop_05_word_00.png,Yến
0a6ae3a4c79d46c31f8c_crop_05_word_01.png,Hải
0a6ae3a4c79d46c31f8c_crop_05_word_02.png,Thị
0a6ae3a4c79d46c31f8c_crop_05_word_03.png,Nguyễn
0a6ae3a4c79d46c31f8c_crop_06_word_00.png,Loan
0a6ae3a4c79d46c31f8c_crop_06_word_01.png,Thanh
0a6ae3a4c79d46c31f8c_crop_06_word_02.png,Nguyễn
0a6ae3a4c79d46c31f8c_crop_07_word_00.png,Yên
0a6ae3a4c79d46c31f8c_crop_07_word_01.png,Thanh
0a6ae3a4c79d46c31f8c_crop_07_word_02.png,Thị
0a6ae3a4c79d46c31f8c_crop_07_word_03.png,Lê
0a6ae3a4c79d46c31f8c_crop_08_word_00.png,Tuấn
0a6ae3a4c79d46c31f8c_crop_08_word_01.png,Công
0a6ae3a4c79d46c31f8c_crop_08_word_02.png,Trịnh
0a6ae3a4c79d46c31f8c_crop_09_word_00.png,Lịch
0a6ae3a4c79d46c31f8c_crop_09_word_01.png,Thị
0a6ae3a4c79d46c31f8c_crop_09_word_02.png,Hoàng
0a6ae3a4c79d46c31f8c_crop_10_word_00.png,Hồng
0a6ae3a4c79d46c31f8c_crop_10_word_01.png,Thúy
0a6ae3a4c79d46c31f8c_crop_10_word_02.png,Thị
0a6ae3a4c79d46c31f8c_crop_10_word_03.png,Đặng
0a6ae3a4c79d46c31f8c_crop_11_word_00.png,Hoàng
0a6ae3a4c79d46c31f8c_crop_11_word_01.png,Minh
0a6ae3a4c79d46c31f8c_crop_11_word_02.png,Lê
0a6ae3a4c79d46c31f8c_crop_12_word_00.png,Hưng
0a6ae3a4c79d46c31f8c_crop_12_word_01.png,Quốc
0a6ae3a4c79d46c31f8c_crop_12_word_02.png,Phạm
0a6ae3a4c79d46c31f8c_crop_13_word_00.png,Dương
0a6ae3a4c79d46c31f8c_crop_13_word_01.png,Ngọc
0a6ae3a4c79d46c31f8c_crop_13_word_02.png,Phạm
0a6ae3a4c79d46c31f8c_crop_14_word_00.png,Phúc
0a6ae3a4c79d46c31f8c_crop_14_word_01.png,Văn
0a6ae3a4c79d46c31f8c_crop_14_word_02.png,Lê
0a6ae3a4c79d46c31f8c_crop_15_word_00.png,Giang
0a6ae3a4c79d46c31f8c_crop_15_word_01.png,Văn
0a6ae3a4c79d46c31f8c_crop_15_word_02.png,Ngô
1721abc18ff80ea657e9_crop_01_word_00.png,Đạt
1721abc18ff80ea657e9_crop_01_word_01.png,Tuấn
1721abc18ff80ea657e9_crop_01_word_02.png,Lê
1721abc18ff80ea657e9_crop_02_word_00.png,Cường
1721abc18ff80ea657e9_crop_02_word_01.png,Hùng
1721abc18ff80ea657e9_crop_02_word_02.png,Lưu
1721abc18ff80ea657e9_crop_03_word_00.png,Hương
1721abc18ff80ea657e9_crop_03_word_01.png,Lan
1721abc18ff80ea657e9_crop_03_word_02.png,Thị
1721abc18ff80ea657e9_crop_03_word_03.png,Đào
1721abc18ff80ea657e9_crop_04_word_00.png,Hưng
1721abc18ff80ea657e9_crop_04_word_01.png,Cảnh
1721abc18ff80ea657e9_crop_04_word_02.png,Vũ
1721abc18ff80ea657e9_crop_05_word_00.png,Hạnh
1721abc18ff80ea657e9_crop_05_word_01.png,Quang
1721abc18ff80ea657e9_crop_05_word_02.png,Vũ
1721abc18ff80ea657e9_crop_06_word_00.png,Mai
1721abc18ff80ea657e9_crop_06_word_01.png,Thị
1721abc18ff80ea657e9_crop_06_word_02.png,Đào
1721abc18ff80ea657e9_crop_07_word_00.png,Ánh
1721abc18ff80ea657e9_crop_07_word_01.png,Ngọc
1721abc18ff80ea657e9_crop_07_word_02.png,Hoàng
1721abc18ff80ea657e9_crop_08_word_00.png,Huệ
1721abc18ff80ea657e9_crop_08_word_01.png,Bích
1721abc18ff80ea657e9_crop_08_word_02.png,Lê
1721abc18ff80ea657e9_crop_09_word_00.png,Huyền
1721abc18ff80ea657e9_crop_09_word_01.png,Thị
1721abc18ff80ea657e9_crop_09_word_02.png,Phạm
1721abc18ff80ea657e9_crop_10_word_00.png,Đại
1721abc18ff80ea657e9_crop_10_word_01.png,Bình
1721abc18ff80ea657e9_crop_10_word_02.png,Nguyễn
1721abc18ff80ea657e9_crop_11_word_00.png,Hùng
1721abc18ff80ea657e9_crop_11_word_01.png,Việt
1721abc18ff80ea657e9_crop_11_word_02.png,Phạm
1721abc18ff80ea657e9_crop_12_word_00.png,Nghĩa
1721abc18ff80ea657e9_crop_12_word_01.png,Minh
1721abc18ff80ea657e9_crop_12_word_02.png,Thị
1721abc18ff80ea657e9_crop_12_word_03.png,Vũ
1721abc18ff80ea657e9_crop_13_word_00.png,Hiền
1721abc18ff80ea657e9_crop_13_word_01.png,Mạnh
1721abc18ff80ea657e9_crop_13_word_02.png,Hoàng
1721abc18ff80ea657e9_crop_14_word_00.png,Thịnh
1721abc18ff80ea657e9_crop_14_word_01.png,Thái
1721abc18ff80ea657e9_crop_15_word_00.png,Thọ
1721abc18ff80ea657e9_crop_15_word_01.png,Xuân
1721abc18ff80ea657e9_crop_15_word_02.png,Đinh
1c785e9f7aa6fbf8a2b7_crop_01_word_00.png,Đạt
1c785e9f7aa6fbf8a2b7_crop_01_word_01.png,Tuấn
1c785e9f7aa6fbf8a2b7_crop_01_word_02.png,Lê
1c785e9f7aa6fbf8a2b7_crop_02_word_00.png,Cường
1c785e9f7aa6fbf8a2b7_crop_02_word_01.png,Hùng
1c785e9f7aa6fbf8a2b7_crop_02_word_02.png,Lưu
1c785e9f7aa6fbf8a2b7_crop_03_word_00.png,Hương
1c785e9f7aa6fbf8a2b7_crop_03_word_01.png,Lan
1c785e9f7aa6fbf8a2b7_crop_03_word_02.png,Thị
1c785e9f7aa6fbf8a2b7_crop_03_word_03.png,Đào
1c785e9f7aa6fbf8a2b7_crop_04_word_00.png,Hưng
1c785e9f7aa6fbf8a2b7_crop_04_word_01.png,Cảnh
1c785e9f7aa6fbf8a2b7_crop_04_word_02.png,Vũ
1c785e9f7aa6fbf8a2b7_crop_05_word_00.png,Hạnh
1c785e9f7aa6fbf8a2b7_crop_05_word_01.png,Quang
1c785e9f7aa6fbf8a2b7_crop_05_word_02.png,Vũ
1c785e9f7aa6fbf8a2b7_crop_06_word_00.png,Mai
1c785e9f7aa6fbf8a2b7_crop_06_word_01.png,Thị
1c785e9f7aa6fbf8a2b7_crop_06_word_02.png,Đào
1c785e9f7aa6fbf8a2b7_crop_07_word_00.png,Ánh
1c785e9f7aa6fbf8a2b7_crop_07_word_01.png,Ngọc
1c785e9f7aa6fbf8a2b7_crop_07_word_02.png,Hoàng
1c785e9f7aa6fbf8a2b7_crop_08_word_00.png,Huệ
1c785e9f7aa6fbf8a2b7_crop_08_word_01.png,Bích
1c785e9f7aa6fbf8a2b7_crop_08_word_02.png,Lê
1c785e9f7aa6fbf8a2b7_crop_09_word_00.png,Huyền
1c785e9f7aa6fbf8a2b7_crop_09_word_01.png,Thị
1c785e9f7aa6fbf8a2b7_crop_09_word_02.png,Phạm
1c785e9f7aa6fbf8a2b7_crop_10_word_00.png,Đại
1c785e9f7aa6fbf8a2b7_crop_10_word_01.png,Bình
1c785e9f7aa6fbf8a2b7_crop_10_word_02.png,Nguyễn
1c785e9f7aa6fbf8a2b7_crop_11_word_00.png,Hùng
1c785e9f7aa6fbf8a2b7_crop_11_word_01.png,Việt
1c785e9f7aa6fbf8a2b7_crop_11_word_02.png,Phạm
1c785e9f7aa6fbf8a2b7_crop_12_word_00.png,Nghĩa
1c785e9f7aa6fbf8a2b7_crop_12_word_01.png,Minh
1c785e9f7aa6fbf8a2b7_crop_12_word_02.png,Thị
1c785e9f7aa6fbf8a2b7_crop_12_word_03.png,Vũ
1c785e9f7aa6fbf8a2b7_crop_13_word_00.png,Hiền
1c785e9f7aa6fbf8a2b7_crop_13_word_01.png,Mạnh
1c785e9f7aa6fbf8a2b7_crop_13_word_02.png,Hoàng
1c785e9f7aa6fbf8a2b7_crop_14_word_00.png,Thịnh
1c785e9f7aa6fbf8a2b7_crop_14_word_01.png,Thái
1c785e9f7aa6fbf8a2b7_crop_15_word_00.png,Thọ
1c785e9f7aa6fbf8a2b7_crop_15_word_01.png,Xuân
1c785e9f7aa6fbf8a2b7_crop_15_word_02.png,Đinh
1e610c22841d05435c0c_crop_01_word_00.png,Anh
1e610c22841d05435c0c_crop_01_word_01.png,Phương
1e610c22841d05435c0c_crop_01_word_02.png,Trần
1e610c22841d05435c0c_crop_02_word_00.png,Thảo
1e610c22841d05435c0c_crop_02_word_01.png,Phương
1e610c22841d05435c0c_crop_02_word_02.png,Lê
1e610c22841d05435c0c_crop_03_word_00.png,Oanh
1e610c22841d05435c0c_crop_03_word_01.png,Kiều
1e610c22841d05435c0c_crop_03_word_02.png,Thị
1e610c22841d05435c0c_crop_03_word_03.png,Phùng
1e610c22841d05435c0c_crop_04_word_00.png,Anh
1e610c22841d05435c0c_crop_04_word_01.png,Tuấn
1e610c22841d05435c0c_crop_04_word_02.png,Duy
1e610c22841d05435c0c_crop_04_word_03.png,Nguyễn
1e610c22841d05435c0c_crop_05_word_00.png,Khải
1e610c22841d05435c0c_crop_05_word_01.png,Gia
1e610c22841d05435c0c_crop_05_word_02.png,Hoàng
1e610c22841d05435c0c_crop_05_word_03.png,Nguyễn
1e610c22841d05435c0c_crop_06_word_00.png,Tú
1e610c22841d05435c0c_crop_06_word_01.png,Anh
1e610c22841d05435c0c_crop_06_word_02.png,Vũ
1e610c22841d05435c0c_crop_07_word_00.png,Yến
1e610c22841d05435c0c_crop_07_word_01.png,Thanh
1e610c22841d05435c0c_crop_07_word_02.png,Thi
1e610c22841d05435c0c_crop_07_word_03.png,Lê
1e610c22841d05435c0c_crop_08_word_00.png,Quang
1e610c22841d05435c0c_crop_08_word_01.png,Văn
1e610c22841d05435c0c_crop_08_word_02.png,Nguyễn
1e610c22841d05435c0c_crop_09_word_00.png,Minh
1e610c22841d05435c0c_crop_09_word_01.png,Quang
1e610c22841d05435c0c_crop_09_word_02.png,Tống
1e610c22841d05435c0c_crop_10_word_00.png,Giang
1e610c22841d05435c0c_crop_10_word_01.png,Trường
1e610c22841d05435c0c_crop_10_word_02.png,Võ
1e610c22841d05435c0c_crop_11_word_00.png,Mạnh
1e610c22841d05435c0c_crop_11_word_01.png,Đức
1e610c22841d05435c0c_crop_11_word_02.png,Tống
1e610c22841d05435c0c_crop_12_word_00.png,Trang
1e610c22841d05435c0c_crop_12_word_01.png,Mai
1e610c22841d05435c0c_crop_12_word_02.png,Thị
1e610c22841d05435c0c_crop_12_word_03.png,Nguyễn
1e610c22841d05435c0c_crop_13_word_00.png,Truyền
1e610c22841d05435c0c_crop_13_word_01.png,Kế
1e610c22841d05435c0c_crop_13_word_02.png,Nguyễn
1e610c22841d05435c0c_crop_14_word_00.png,Duyên
1e610c22841d05435c0c_crop_14_word_01.png,Mỹ
1e610c22841d05435c0c_crop_14_word_02.png,Thị
1e610c22841d05435c0c_crop_14_word_03.png,Đoàn
1e610c22841d05435c0c_crop_15_word_00.png,Nhung
1e610c22841d05435c0c_crop_15_word_01.png,Cẩm
1e610c22841d05435c0c_crop_15_word_02.png,Trịnh
2e2f6ee34adacb8492cb_crop_01_word_00.png,Quốc
2e2f6ee34adacb8492cb_crop_01_word_01.png,Cường
2e2f6ee34adacb8492cb_crop_01_word_02.png,Vũ
2e2f6ee34adacb8492cb_crop_02_word_00.png,Phương
2e2f6ee34adacb8492cb_crop_02_word_01.png,Thị
2e2f6ee34adacb8492cb_crop_02_word_02.png,Nguyễn
2e2f6ee34adacb8492cb_crop_03_word_00.png,Thúc
2e2f6ee34adacb8492cb_crop_03_word_01.png,Văn
2e2f6ee34adacb8492cb_crop_03_word_02.png,Lê
2e2f6ee34adacb8492cb_crop_04_word_00.png,Thủy
2e2f6ee34adacb8492cb_crop_04_word_01.png,Thu
2e2f6ee34adacb8492cb_crop_04_word_02.png,Thị
2e2f6ee34adacb8492cb_crop_04_word_03.png,Phạm
2e2f6ee34adacb8492cb_crop_05_word_00.png,Thắng
2e2f6ee34adacb8492cb_crop_05_word_01.png,Đức
2e2f6ee34adacb8492cb_crop_05_word_02.png,Vũ
2e2f6ee34adacb8492cb_crop_06_word_00.png,Đức
2e2f6ee34adacb8492cb_crop_06_word_01.png,Anh
2e2f6ee34adacb8492cb_crop_06_word_02.png,Hà
2e2f6ee34adacb8492cb_crop_07_word_00.png,Thịnh
2e2f6ee34adacb8492cb_crop_07_word_01.png,Huy
2e2f6ee34adacb8492cb_crop_07_word_02.png,Khổng
2e2f6ee34adacb8492cb_crop_08_word_00.png,Dũng
2e2f6ee34adacb8492cb_crop_08_word_01.png,Đình
2e2f6ee34adacb8492cb_crop_08_word_02.png,Đỗ
2e2f6ee34adacb8492cb_crop_09_word_00.png,Phương
2e2f6ee34adacb8492cb_crop_09_word_01.png,Lan
2e2f6ee34adacb8492cb_crop_09_word_02.png,Trần
2e2f6ee34adacb8492cb_crop_10_word_00.png,Xuyên
2e2f6ee34adacb8492cb_crop_10_word_01.png,Thị
2e2f6ee34adacb8492cb_crop_10_word_02.png,Nguyễn
2e2f6ee34adacb8492cb_crop_11_word_00.png,Hoàng
2e2f6ee34adacb8492cb_crop_11_word_01.png,Tuấn
2e2f6ee34adacb8492cb_crop_11_word_02.png,Nguyễn
2e2f6ee34adacb8492cb_crop_12_word_00.png,Diện
2e2f6ee34adacb8492cb_crop_12_word_01.png,Văn
2e2f6ee34adacb8492cb_crop_12_word_02.png,Hà
2e2f6ee34adacb8492cb_crop_13_word_00.png,Ngân
2e2f6ee34adacb8492cb_crop_13_word_01.png,Kim
2e2f6ee34adacb8492cb_crop_13_word_02.png,Thị
2e2f6ee34adacb8492cb_crop_13_word_03.png,Nguyễn
2e2f6ee34adacb8492cb_crop_14_word_00.png,Nam
2e2f6ee34adacb8492cb_crop_14_word_01.png,Văn
2e2f6ee34adacb8492cb_crop_14_word_02.png,Phạm
2e2f6ee34adacb8492cb_crop_15_word_00.png,Quý
2e2f6ee34adacb8492cb_crop_15_word_01.png,Phú
2e2f6ee34adacb8492cb_crop_15_word_02.png,Nguyễn
368e37691350920ecb41_crop_01_word_00.png,Trường
368e37691350920ecb41_crop_01_word_01.png,Văn
368e37691350920ecb41_crop_01_word_02.png,Nguyễn
368e37691350920ecb41_crop_02_word_00.png,Trang
368e37691350920ecb41_crop_02_word_01.png,Huyền
368e37691350920ecb41_crop_02_word_02.png,Thị
368e37691350920ecb41_crop_02_word_03.png,Trần
368e37691350920ecb41_crop_03_word_00.png,Lan
368e37691350920ecb41_crop_03_word_01.png,Thị
368e37691350920ecb41_crop_03_word_02.png,Lê
368e37691350920ecb41_crop_04_word_00.png,Hải
368e37691350920ecb41_crop_04_word_01.png,Tiến
368e37691350920ecb41_crop_04_word_02.png,Cao
368e37691350920ecb41_crop_05_word_00.png,Yến
368e37691350920ecb41_crop_05_word_01.png,Hải
368e37691350920ecb41_crop_05_word_02.png,Thị
368e37691350920ecb41_crop_05_word_03.png,Nguyễn
368e37691350920ecb41_crop_06_word_00.png,Loan
368e37691350920ecb41_crop_06_word_01.png,Thanh
368e37691350920ecb41_crop_06_word_02.png,Nguyễn
368e37691350920ecb41_crop_07_word_00.png,Yên
368e37691350920ecb41_crop_07_word_01.png,Thanh
368e37691350920ecb41_crop_07_word_02.png,Thị
368e37691350920ecb41_crop_07_word_03.png,Lê
368e37691350920ecb41_crop_08_word_00.png,Tuấn
368e37691350920ecb41_crop_08_word_01.png,Công
368e37691350920ecb41_crop_08_word_02.png,Trịnh
368e37691350920ecb41_crop_09_word_00.png,Lịch
368e37691350920ecb41_crop_09_word_01.png,Thị
368e37691350920ecb41_crop_09_word_02.png,Hoàng
368e37691350920ecb41_crop_10_word_00.png,Hồng
368e37691350920ecb41_crop_10_word_01.png,Thúy
368e37691350920ecb41_crop_10_word_02.png,Thị
368e37691350920ecb41_crop_10_word_03.png,Đặng
368e37691350920ecb41_crop_11_word_00.png,Hoàng
368e37691350920ecb41_crop_11_word_01.png,Minh
368e37691350920ecb41_crop_11_word_02.png,Lê
368e37691350920ecb41_crop_12_word_00.png,Hưng
368e37691350920ecb41_crop_12_word_01.png,Quốc
368e37691350920ecb41_crop_12_word_02.png,Phạm
368e37691350920ecb41_crop_13_word_00.png,Dương
368e37691350920ecb41_crop_13_word_01.png,Ngọc
368e37691350920ecb41_crop_13_word_02.png,Phạm
368e37691350920ecb41_crop_14_word_00.png,Phúc
368e37691350920ecb41_crop_14_word_01.png,Văn
368e37691350920ecb41_crop_14_word_02.png,Lê
368e37691350920ecb41_crop_15_word_00.png,Giang
368e37691350920ecb41_crop_15_word_01.png,Văn
368e37691350920ecb41_crop_15_word_02.png,Ngô
477fdb9dffa47efa27b5_crop_01_word_00.png,Hương
477fdb9dffa47efa27b5_crop_01_word_01.png,Thiên
477fdb9dffa47efa27b5_crop_01_word_02.png,Đặng
477fdb9dffa47efa27b5_crop_02_word_00.png,Liên
477fdb9dffa47efa27b5_crop_02_word_01.png,Thúy
477fdb9dffa47efa27b5_crop_02_word_02.png,Bùi
477fdb9dffa47efa27b5_crop_03_word_00.png,Chung
477fdb9dffa47efa27b5_crop_03_word_01.png,Thị
477fdb9dffa47efa27b5_crop_03_word_02.png,Bế
477fdb9dffa47efa27b5_crop_04_word_00.png,Tuyên
477fdb9dffa47efa27b5_crop_04_word_01.png,Văn
477fdb9dffa47efa27b5_crop_04_word_02.png,Nguyễn
477fdb9dffa47efa27b5_crop_05_word_00.png,Anh
477fdb9dffa47efa27b5_crop_05_word_01.png,Thế
477fdb9dffa47efa27b5_crop_05_word_02.png,Nguyễn
477fdb9dffa47efa27b5_crop_06_word_00.png,Thúy
477fdb9dffa47efa27b5_crop_06_word_01.png,Thanh
477fdb9dffa47efa27b5_crop_06_word_02.png,Thị
477fdb9dffa47efa27b5_crop_06_word_03.png,Đồng
477fdb9dffa47efa27b5_crop_07_word_00.png,Hưng
477fdb9dffa47efa27b5_crop_07_word_01.png,Văn
477fdb9dffa47efa27b5_crop_07_word_02.png,Trần
477fdb9dffa47efa27b5_crop_08_word_00.png,Hạnh
477fdb9dffa47efa27b5_crop_08_word_01.png,Thị
477fdb9dffa47efa27b5_crop_08_word_02.png,Trần
477fdb9dffa47efa27b5_crop_09_word_00.png,Uyên
477fdb9dffa47efa27b5_crop_09_word_01.png,Phương
477fdb9dffa47efa27b5_crop_09_word_02.png,Hồ
477fdb9dffa47efa27b5_crop_10_word_00.png,Hùng
477fdb9dffa47efa27b5_crop_10_word_01.png,Văn
477fdb9dffa47efa27b5_crop_10_word_02.png,Trần
477fdb9dffa47efa27b5_crop_11_word_00.png,Hoàng
477fdb9dffa47efa27b5_crop_11_word_01.png,Huy
477fdb9dffa47efa27b5_crop_11_word_02.png,Trần
477fdb9dffa47efa27b5_crop_12_word_00.png,Sơn
477fdb9dffa47efa27b5_crop_12_word_01.png,Mai
477fdb9dffa47efa27b5_crop_12_word_02.png,Đào
477fdb9dffa47efa27b5_crop_13_word_00.png,Quang
477fdb9dffa47efa27b5_crop_13_word_01.png,Minh
477fdb9dffa47efa27b5_crop_13_word_02.png,Lê
477fdb9dffa47efa27b5_crop_14_word_00.png,Trinh
477fdb9dffa47efa27b5_crop_14_word_01.png,Ngọc
477fdb9dffa47efa27b5_crop_14_word_02.png,Đào
477fdb9dffa47efa27b5_crop_15_word_00.png,Ánh
477fdb9dffa47efa27b5_crop_15_word_01.png,Thị
477fdb9dffa47efa27b5_crop_15_word_02.png,Đặng
55564615ce2a4f74163b_crop_01_word_00.png,Anh
55564615ce2a4f74163b_crop_01_word_01.png,Phương
55564615ce2a4f74163b_crop_01_word_02.png,Trần
55564615ce2a4f74163b_crop_02_word_00.png,Thảo
55564615ce2a4f74163b_crop_02_word_01.png,Phương
55564615ce2a4f74163b_crop_02_word_02.png,Lê
55564615ce2a4f74163b_crop_03_word_00.png,Oanh
55564615ce2a4f74163b_crop_03_word_01.png,Kiều
55564615ce2a4f74163b_crop_03_word_02.png,Thị
55564615ce2a4f74163b_crop_03_word_03.png,Phùng
55564615ce2a4f74163b_crop_04_word_00.png,Anh
55564615ce2a4f74163b_crop_04_word_01.png,Tuấn
55564615ce2a4f74163b_crop_04_word_02.png,Duy
55564615ce2a4f74163b_crop_04_word_03.png,Nguyễn
55564615ce2a4f74163b_crop_05_word_00.png,Khải
55564615ce2a4f74163b_crop_05_word_01.png,Gia
55564615ce2a4f74163b_crop_05_word_02.png,Hoàng
55564615ce2a4f74163b_crop_05_word_03.png,Nguyễn
55564615ce2a4f74163b_crop_06_word_00.png,Tú
55564615ce2a4f74163b_crop_06_word_01.png,Anh
55564615ce2a4f74163b_crop_06_word_02.png,Vũ
55564615ce2a4f74163b_crop_07_word_00.png,Yến
55564615ce2a4f74163b_crop_07_word_01.png,Thanh
55564615ce2a4f74163b_crop_07_word_02.png,Thi
55564615ce2a4f74163b_crop_07_word_03.png,Lê
55564615ce2a4f74163b_crop_08_word_00.png,Quang
55564615ce2a4f74163b_crop_08_word_01.png,Văn
55564615ce2a4f74163b_crop_08_word_02.png,Nguyễn
55564615ce2a4f74163b_crop_09_word_00.png,Minh
55564615ce2a4f74163b_crop_09_word_01.png,Quang
55564615ce2a4f74163b_crop_09_word_02.png,Tống
55564615ce2a4f74163b_crop_10_word_00.png,Giang
55564615ce2a4f74163b_crop_10_word_01.png,Trường
55564615ce2a4f74163b_crop_10_word_02.png,Võ
55564615ce2a4f74163b_crop_11_word_00.png,Mạnh
55564615ce2a4f74163b_crop_11_word_01.png,Đức
55564615ce2a4f74163b_crop_11_word_02.png,Tống
55564615ce2a4f74163b_crop_12_word_00.png,Trang
55564615ce2a4f74163b_crop_12_word_01.png,Mai
55564615ce2a4f74163b_crop_12_word_02.png,Thị
55564615ce2a4f74163b_crop_12_word_03.png,Nguyễn
55564615ce2a4f74163b_crop_13_word_00.png,Truyền
55564615ce2a4f74163b_crop_13_word_01.png,Kế
55564615ce2a4f74163b_crop_13_word_02.png,Nguyễn
55564615ce2a4f74163b_crop_14_word_00.png,Duyên
55564615ce2a4f74163b_crop_14_word_01.png,Mỹ
55564615ce2a4f74163b_crop_14_word_02.png,Thị
55564615ce2a4f74163b_crop_14_word_03.png,Đoàn
55564615ce2a4f74163b_crop_15_word_00.png,Nhung
55564615ce2a4f74163b_crop_15_word_01.png,Cẩm
55564615ce2a4f74163b_crop_15_word_02.png,Trịnh
55c444216018e146b809_crop_01_word_00.png,Hương
55c444216018e146b809_crop_01_word_01.png,Thiên
55c444216018e146b809_crop_01_word_02.png,Đặng
55c444216018e146b809_crop_02_word_00.png,Liên
55c444216018e146b809_crop_02_word_01.png,Thúy
55c444216018e146b809_crop_02_word_02.png,Bùi
55c444216018e146b809_crop_03_word_00.png,Chung
55c444216018e146b809_crop_03_word_01.png,Thị
55c444216018e146b809_crop_03_word_02.png,Bế
55c444216018e146b809_crop_04_word_00.png,Tuyên
55c444216018e146b809_crop_04_word_01.png,Văn
55c444216018e146b809_crop_04_word_02.png,Nguyễn
55c444216018e146b809_crop_05_word_00.png,Anh
55c444216018e146b809_crop_05_word_01.png,Thế
55c444216018e146b809_crop_05_word_02.png,Nguyễn
55c444216018e146b809_crop_06_word_00.png,Thúy
55c444216018e146b809_crop_06_word_01.png,Thanh
55c444216018e146b809_crop_06_word_02.png,Thị
55c444216018e146b809_crop_06_word_03.png,Đồng
55c444216018e146b809_crop_07_word_00.png,Hưng
55c444216018e146b809_crop_07_word_01.png,Văn
55c444216018e146b809_crop_07_word_02.png,Trần
55c444216018e146b809_crop_08_word_00.png,Hạnh
55c444216018e146b809_crop_08_word_01.png,Thị
55c444216018e146b809_crop_08_word_02.png,Trần
55c444216018e146b809_crop_09_word_00.png,Uyên
55c444216018e146b809_crop_09_word_01.png,Phương
55c444216018e146b809_crop_09_word_02.png,Hồ
55c444216018e146b809_crop_10_word_00.png,Hùng
55c444216018e146b809_crop_10_word_01.png,Văn
55c444216018e146b809_crop_10_word_02.png,Trần
55c444216018e146b809_crop_11_word_00.png,Hoàng
55c444216018e146b809_crop_11_word_01.png,Huy
55c444216018e146b809_crop_11_word_02.png,Trần
55c444216018e146b809_crop_12_word_00.png,Sơn
55c444216018e146b809_crop_12_word_01.png,Mai
55c444216018e146b809_crop_12_word_02.png,Đào
55c444216018e146b809_crop_13_word_00.png,Quang
55c444216018e146b809_crop_13_word_01.png,Minh
55c444216018e146b809_crop_13_word_02.png,Lê
55c444216018e146b809_crop_14_word_00.png,Trinh
55c444216018e146b809_crop_14_word_01.png,Ngọc
55c444216018e146b809_crop_14_word_02.png,Đào
55c444216018e146b809_crop_15_word_00.png,Ánh
55c444216018e146b809_crop_15_word_01.png,Thị
55c444216018e146b809_crop_15_word_02.png,Đặng
5a818e61aa582b067249_crop_01_word_00.png,Lộc
5a818e61aa582b067249_crop_01_word_01.png,Hữu
5a818e61aa582b067249_crop_01_word_02.png,Mai
5a818e61aa582b067249_crop_02_word_00.png,Sơn
5a818e61aa582b067249_crop_02_word_01.png,Văn
5a818e61aa582b067249_crop_02_word_02.png,Lê
5a818e61aa582b067249_crop_03_word_00.png,Thủy
5a818e61aa582b067249_crop_03_word_01.png,Xuân
5a818e61aa582b067249_crop_03_word_02.png,Hoàng
5a818e61aa582b067249_crop_04_word_00.png,Hồng
5a818e61aa582b067249_crop_04_word_01.png,Ngọc
5a818e61aa582b067249_crop_04_word_02.png,Nguyễn
5a818e61aa582b067249_crop_05_word_00.png,Tú
5a818e61aa582b067249_crop_05_word_01.png,Cẩm
5a818e61aa582b067249_crop_05_word_02.png,Thị
5a818e61aa582b067249_crop_05_word_03.png,Nguyễn
5a818e61aa582b067249_crop_06_word_00.png,Lương
5a818e61aa582b067249_crop_06_word_01.png,Văn
5a818e61aa582b067249_crop_06_word_02.png,Trần
5a818e61aa582b067249_crop_07_word_00.png,Trang
5a818e61aa582b067249_crop_07_word_01.png,Thùy
5a818e61aa582b067249_crop_07_word_02.png,Thị
5a818e61aa582b067249_crop_07_word_03.png,Bùi
5a818e61aa582b067249_crop_08_word_00.png,Phượng
5a818e61aa582b067249_crop_08_word_01.png,Thị
5a818e61aa582b067249_crop_08_word_02.png,Bùi
5a818e61aa582b067249_crop_09_word_00.png,Dũng
5a818e61aa582b067249_crop_09_word_01.png,Tiến
5a818e61aa582b067249_crop_09_word_02.png,Dương
5a818e61aa582b067249_crop_10_word_00.png,Thuần
5a818e61aa582b067249_crop_10_word_01.png,Trí
5a818e61aa582b067249_crop_10_word_02.png,Lương
5a818e61aa582b067249_crop_11_word_00.png,Đạt
5a818e61aa582b067249_crop_11_word_01.png,Duy
5a818e61aa582b067249_crop_11_word_02.png,Vũ
5a818e61aa582b067249_crop_12_word_00.png,Kiên
5a818e61aa582b067249_crop_12_word_01.png,Trung
5a818e61aa582b067249_crop_12_word_02.png,Nguyễn
5a818e61aa582b067249_crop_13_word_00.png,Hải
5a818e61aa582b067249_crop_13_word_01.png,Ngọc
5a818e61aa582b067249_crop_13_word_02.png,Trần
5a818e61aa582b067249_crop_14_word_00.png,Anh
5a818e61aa582b067249_crop_14_word_01.png,Đức
5a818e61aa582b067249_crop_14_word_02.png,Lê
5a818e61aa582b067249_crop_15_word_00.png,Đạt
5a818e61aa582b067249_crop_15_word_01.png,Mạnh
5a818e61aa582b067249_crop_15_word_02.png,Trần
716e6923e11c6042390d_crop_01_word_00.png,Tổ
716e6923e11c6042390d_crop_01_word_01.png,Thái
716e6923e11c6042390d_crop_01_word_02.png,Lý
716e6923e11c6042390d_crop_02_word_00.png,Duy
716e6923e11c6042390d_crop_02_word_01.png,Tô
716e6923e11c6042390d_crop_02_word_02.png,Ngũ
716e6923e11c6042390d_crop_03_word_00.png,Khanh
716e6923e11c6042390d_crop_03_word_01.png,Hải
716e6923e11c6042390d_crop_03_word_02.png,Vũ
716e6923e11c6042390d_crop_04_word_00.png,Thảo
716e6923e11c6042390d_crop_04_word_01.png,Phương
716e6923e11c6042390d_crop_04_word_02.png,Trần
716e6923e11c6042390d_crop_04_word_03.png,Nguyễn
716e6923e11c6042390d_crop_05_word_00.png,Huy
716e6923e11c6042390d_crop_05_word_01.png,Quang
716e6923e11c6042390d_crop_05_word_02.png,Vũ
716e6923e11c6042390d_crop_05_word_03.png,Nguyễn
716e6923e11c6042390d_crop_06_word_00.png,Uyên
716e6923e11c6042390d_crop_06_word_01.png,Tố
716e6923e11c6042390d_crop_06_word_02.png,Trần
716e6923e11c6042390d_crop_07_word_00.png,Trinh
716e6923e11c6042390d_crop_07_word_01.png,Chu
716e6923e11c6042390d_crop_07_word_02.png,Phan
716e6923e11c6042390d_crop_08_word_00.png,Minh
716e6923e11c6042390d_crop_08_word_01.png,Quang
716e6923e11c6042390d_crop_08_word_02.png,Vũ
716e6923e11c6042390d_crop_09_word_00.png,Chi
716e6923e11c6042390d_crop_09_word_01.png,Uyên
716e6923e11c6042390d_crop_09_word_02.png,Đỗ
716e6923e11c6042390d_crop_10_word_00.png,Bá
716e6923e11c6042390d_crop_10_word_01.png,Xuân
716e6923e11c6042390d_crop_10_word_02.png,Trần
716e6923e11c6042390d_crop_11_word_00.png,Nguyên
716e6923e11c6042390d_crop_11_word_01.png,Bá
716e6923e11c6042390d_crop_11_word_02.png,Nguyễn
716e6923e11c6042390d_crop_12_word_00.png,Nam
716e6923e11c6042390d_crop_12_word_01.png,Đình
716e6923e11c6042390d_crop_12_word_02.png,Phạm
716e6923e11c6042390d_crop_13_word_00.png,Châu
716e6923e11c6042390d_crop_13_word_01.png,Minh
716e6923e11c6042390d_crop_13_word_02.png,Thị
716e6923e11c6042390d_crop_13_word_03.png,Nguyễn
716e6923e11c6042390d_crop_14_word_00.png,Huyền
716e6923e11c6042390d_crop_14_word_01.png,Thanh
716e6923e11c6042390d_crop_14_word_02.png,Thị
716e6923e11c6042390d_crop_14_word_03.png,Lê
716e6923e11c6042390d_crop_15_word_00.png,Anh
716e6923e11c6042390d_crop_15_word_01.png,Ngọc
716e6923e11c6042390d_crop_15_word_02.png,Đinh
73e19105b53c34626d2d_crop_01_word_00.png,Lộc
73e19105b53c34626d2d_crop_01_word_01.png,Hữu
73e19105b53c34626d2d_crop_01_word_02.png,Mai
73e19105b53c34626d2d_crop_02_word_00.png,Sơn
73e19105b53c34626d2d_crop_02_word_01.png,Văn
73e19105b53c34626d2d_crop_02_word_02.png,Lê
73e19105b53c34626d2d_crop_03_word_00.png,Thủy
73e19105b53c34626d2d_crop_03_word_01.png,Xuân
73e19105b53c34626d2d_crop_03_word_02.png,Hoàng
73e19105b53c34626d2d_crop_04_word_00.png,Hồng
73e19105b53c34626d2d_crop_04_word_01.png,Ngọc
73e19105b53c34626d2d_crop_04_word_02.png,Nguyễn
73e19105b53c34626d2d_crop_05_word_00.png,Tú
73e19105b53c34626d2d_crop_05_word_01.png,Cẩm
73e19105b53c34626d2d_crop_05_word_02.png,Thị
73e19105b53c34626d2d_crop_05_word_03.png,Nguyễn
73e19105b53c34626d2d_crop_06_word_00.png,Lương
73e19105b53c34626d2d_crop_06_word_01.png,Văn
73e19105b53c34626d2d_crop_06_word_02.png,Trần
73e19105b53c34626d2d_crop_07_word_00.png,Trang
73e19105b53c34626d2d_crop_07_word_01.png,Thùy
73e19105b53c34626d2d_crop_07_word_02.png,Thị
73e19105b53c34626d2d_crop_07_word_03.png,Bùi
73e19105b53c34626d2d_crop_08_word_00.png,Phượng
73e19105b53c34626d2d_crop_08_word_01.png,Thị
73e19105b53c34626d2d_crop_08_word_02.png,Bùi
73e19105b53c34626d2d_crop_09_word_00.png,Dũng
73e19105b53c34626d2d_crop_09_word_01.png,Tiến
73e19105b53c34626d2d_crop_09_word_02.png,Dương
73e19105b53c34626d2d_crop_10_word_00.png,Thuần
73e19105b53c34626d2d_crop_10_word_01.png,Trí
73e19105b53c34626d2d_crop_10_word_02.png,Lương
73e19105b53c34626d2d_crop_11_word_00.png,Đạt
73e19105b53c34626d2d_crop_11_word_01.png,Duy
73e19105b53c34626d2d_crop_11_word_02.png,Vũ
73e19105b53c34626d2d_crop_12_word_00.png,Kiên
73e19105b53c34626d2d_crop_12_word_01.png,Trung
73e19105b53c34626d2d_crop_12_word_02.png,Nguyễn
73e19105b53c34626d2d_crop_13_word_00.png,Hải
73e19105b53c34626d2d_crop_13_word_01.png,Ngọc
73e19105b53c34626d2d_crop_13_word_02.png,Trần
73e19105b53c34626d2d_crop_14_word_00.png,Anh
73e19105b53c34626d2d_crop_14_word_01.png,Đức
73e19105b53c34626d2d_crop_14_word_02.png,Lê
73e19105b53c34626d2d_crop_15_word_00.png,Đạt
73e19105b53c34626d2d_crop_15_word_01.png,Mạnh
73e19105b53c34626d2d_crop_15_word_02.png,Trần
9b06d5f3f1ca709429db_crop_01_word_00.png,Hiếu
9b06d5f3f1ca709429db_crop_01_word_01.png,Minh
9b06d5f3f1ca709429db_crop_01_word_02.png,Lê
9b06d5f3f1ca709429db_crop_02_word_00.png,Thảo
9b06d5f3f1ca709429db_crop_02_word_01.png,Phương
9b06d5f3f1ca709429db_crop_02_word_02.png,Nguyễn
9b06d5f3f1ca709429db_crop_03_word_00.png,Nga
9b06d5f3f1ca709429db_crop_03_word_01.png,Thị
9b06d5f3f1ca709429db_crop_03_word_02.png,Nguyễn
9b06d5f3f1ca709429db_crop_04_word_00.png,Mai
9b06d5f3f1ca709429db_crop_04_word_01.png,Hương
9b06d5f3f1ca709429db_crop_04_word_02.png,Thị
9b06d5f3f1ca709429db_crop_04_word_03.png,Phạm
9b06d5f3f1ca709429db_crop_05_word_00.png,Thu
9b06d5f3f1ca709429db_crop_05_word_01.png,Thị
9b06d5f3f1ca709429db_crop_05_word_02.png,Nguyễn
9b06d5f3f1ca709429db_crop_06_word_00.png,Huyền
9b06d5f3f1ca709429db_crop_06_word_01.png,Thu
9b06d5f3f1ca709429db_crop_06_word_02.png,Thị
9b06d5f3f1ca709429db_crop_06_word_03.png,Vũ
9b06d5f3f1ca709429db_crop_07_word_00.png,Hà
9b06d5f3f1ca709429db_crop_07_word_01.png,Ngọc
9b06d5f3f1ca709429db_crop_07_word_02.png,Lê
9b06d5f3f1ca709429db_crop_08_word_00.png,Phương
9b06d5f3f1ca709429db_crop_08_word_01.png,Hà
9b06d5f3f1ca709429db_crop_08_word_02.png,Lê
9b06d5f3f1ca709429db_crop_09_word_00.png,Nam
9b06d5f3f1ca709429db_crop_09_word_01.png,Duy
9b06d5f3f1ca709429db_crop_09_word_02.png,Phạm
9b06d5f3f1ca709429db_crop_10_word_00.png,Quỳnh
9b06d5f3f1ca709429db_crop_10_word_01.png,Như
9b06d5f3f1ca709429db_crop_10_word_02.png,Vũ
9b06d5f3f1ca709429db_crop_11_word_00.png,Đông
9b06d5f3f1ca709429db_crop_11_word_01.png,Phương
9b06d5f3f1ca709429db_crop_11_word_02.png,Nguyễn
9b06d5f3f1ca709429db_crop_12_word_00.png,Hải
9b06d5f3f1ca709429db_crop_12_word_01.png,Ngọc
9b06d5f3f1ca709429db_crop_12_word_02.png,Lê
9b06d5f3f1ca709429db_crop_13_word_00.png,Trang
9b06d5f3f1ca709429db_crop_13_word_01.png,Quỳnh
9b06d5f3f1ca709429db_crop_13_word_02.png,Thị
9b06d5f3f1ca709429db_crop_13_word_03.png,Nguyễn
9b06d5f3f1ca709429db_crop_14_word_00.png,Châu
9b06d5f3f1ca709429db_crop_14_word_01.png,Minh
9b06d5f3f1ca709429db_crop_14_word_02.png,Võ
9b06d5f3f1ca709429db_crop_15_word_00.png,Long
9b06d5f3f1ca709429db_crop_15_word_01.png,Hải
9b06d5f3f1ca709429db_crop_15_word_02.png,Nguyễn
baf4d9b2518dd0d3899c_crop_01_word_00.png,Hưng
baf4d9b2518dd0d3899c_crop_01_word_01.png,Duy
baf4d9b2518dd0d3899c_crop_01_word_02.png,Trần
baf4d9b2518dd0d3899c_crop_02_word_00.png,Phóng
baf4d9b2518dd0d3899c_crop_02_word_01.png,Giải
baf4d9b2518dd0d3899c_crop_03_word_00.png,Tông
baf4d9b2518dd0d3899c_crop_03_word_01.png,Thánh
baf4d9b2518dd0d3899c_crop_03_word_02.png,Trần
baf4d9b2518dd0d3899c_crop_04_word_00.png,Linh
baf4d9b2518dd0d3899c_crop_04_word_01.png,Hà
baf4d9b2518dd0d3899c_crop_04_word_02.png,Trần
baf4d9b2518dd0d3899c_crop_05_word_00.png,Uyên
baf4d9b2518dd0d3899c_crop_05_word_01.png,Tú
baf4d9b2518dd0d3899c_crop_05_word_02.png,Thị
baf4d9b2518dd0d3899c_crop_05_word_03.png,Nguyễn
baf4d9b2518dd0d3899c_crop_06_word_00.png,Duy
baf4d9b2518dd0d3899c_crop_06_word_01.png,Công
baf4d9b2518dd0d3899c_crop_06_word_02.png,Trần
baf4d9b2518dd0d3899c_crop_07_word_00.png,Hoàng
baf4d9b2518dd0d3899c_crop_07_word_01.png,Tiến
baf4d9b2518dd0d3899c_crop_07_word_02.png,Đặng
baf4d9b2518dd0d3899c_crop_08_word_00.png,Độ
baf4d9b2518dd0d3899c_crop_08_word_01.png,Thanh
baf4d9b2518dd0d3899c_crop_08_word_02.png,Phùng
baf4d9b2518dd0d3899c_crop_09_word_00.png,Thư
baf4d9b2518dd0d3899c_crop_09_word_01.png,Minh
baf4d9b2518dd0d3899c_crop_09_word_02.png,Phạm
baf4d9b2518dd0d3899c_crop_10_word_00.png,Huyền
baf4d9b2518dd0d3899c_crop_10_word_01.png,Thu
baf4d9b2518dd0d3899c_crop_10_word_02.png,Vũ
baf4d9b2518dd0d3899c_crop_11_word_00.png,Loan
baf4d9b2518dd0d3899c_crop_11_word_01.png,Thúy
baf4d9b2518dd0d3899c_crop_11_word_02.png,Phạm
baf4d9b2518dd0d3899c_crop_12_word_00.png,Lãm
baf4d9b2518dd0d3899c_crop_12_word_01.png,Phong
baf4d9b2518dd0d3899c_crop_12_word_02.png,Trần
baf4d9b2518dd0d3899c_crop_13_word_00.png,Dương
baf4d9b2518dd0d3899c_crop_13_word_01.png,Thùy
baf4d9b2518dd0d3899c_crop_13_word_02.png,Thị
baf4d9b2518dd0d3899c_crop_13_word_03.png,Trần
baf4d9b2518dd0d3899c_crop_14_word_00.png,Thảo
baf4d9b2518dd0d3899c_crop_14_word_01.png,Thanh
baf4d9b2518dd0d3899c_crop_14_word_02.png,Phạm
baf4d9b2518dd0d3899c_crop_15_word_00.png,Hiếu
baf4d9b2518dd0d3899c_crop_15_word_01.png,Đình
baf4d9b2518dd0d3899c_crop_15_word_02.png,Tô
c9c0e88760b8e1e6b8a9_crop_01_word_00.png,Hưng
c9c0e88760b8e1e6b8a9_crop_01_word_01.png,Duy
c9c0e88760b8e1e6b8a9_crop_01_word_02.png,Trần
c9c0e88760b8e1e6b8a9_crop_02_word_00.png,Phóng
c9c0e88760b8e1e6b8a9_crop_02_word_01.png,Giải
c9c0e88760b8e1e6b8a9_crop_03_word_00.png,Tông
c9c0e88760b8e1e6b8a9_crop_03_word_01.png,Thánh
c9c0e88760b8e1e6b8a9_crop_03_word_02.png,Trần
c9c0e88760b8e1e6b8a9_crop_04_word_00.png,Linh
c9c0e88760b8e1e6b8a9_crop_04_word_01.png,Hà
c9c0e88760b8e1e6b8a9_crop_04_word_02.png,Trần
c9c0e88760b8e1e6b8a9_crop_05_word_00.png,Uyên
c9c0e88760b8e1e6b8a9_crop_05_word_01.png,Tú
c9c0e88760b8e1e6b8a9_crop_05_word_02.png,Thị
c9c0e88760b8e1e6b8a9_crop_05_word_03.png,Nguyễn
c9c0e88760b8e1e6b8a9_crop_06_word_00.png,Duy
c9c0e88760b8e1e6b8a9_crop_06_word_01.png,Công
c9c0e88760b8e1e6b8a9_crop_06_word_02.png,Trần
c9c0e88760b8e1e6b8a9_crop_07_word_00.png,Hoàng
c9c0e88760b8e1e6b8a9_crop_07_word_01.png,Tiến
c9c0e88760b8e1e6b8a9_crop_07_word_02.png,Đặng
c9c0e88760b8e1e6b8a9_crop_08_word_00.png,Độ
c9c0e88760b8e1e6b8a9_crop_08_word_01.png,Thanh
c9c0e88760b8e1e6b8a9_crop_08_word_02.png,Phùng
c9c0e88760b8e1e6b8a9_crop_09_word_00.png,Thư
c9c0e88760b8e1e6b8a9_crop_09_word_01.png,Minh
c9c0e88760b8e1e6b8a9_crop_09_word_02.png,Phạm
c9c0e88760b8e1e6b8a9_crop_10_word_00.png,Huyền
c9c0e88760b8e1e6b8a9_crop_10_word_01.png,Thu
c9c0e88760b8e1e6b8a9_crop_10_word_02.png,Vũ
c9c0e88760b8e1e6b8a9_crop_11_word_00.png,Loan
c9c0e88760b8e1e6b8a9_crop_11_word_01.png,Thúy
c9c0e88760b8e1e6b8a9_crop_11_word_02.png,Phạm
c9c0e88760b8e1e6b8a9_crop_12_word_00.png,Lãm
c9c0e88760b8e1e6b8a9_crop_12_word_01.png,Phong
c9c0e88760b8e1e6b8a9_crop_12_word_02.png,Trần
c9c0e88760b8e1e6b8a9_crop_13_word_00.png,Dương
c9c0e88760b8e1e6b8a9_crop_13_word_01.png,Thùy
c9c0e88760b8e1e6b8a9_crop_13_word_02.png,Thị
c9c0e88760b8e1e6b8a9_crop_13_word_03.png,Trần
c9c0e88760b8e1e6b8a9_crop_14_word_00.png,Thảo
c9c0e88760b8e1e6b8a9_crop_14_word_01.png,Thanh
c9c0e88760b8e1e6b8a9_crop_14_word_02.png,Phạm
c9c0e88760b8e1e6b8a9_crop_15_word_00.png,Hiếu
c9c0e88760b8e1e6b8a9_crop_15_word_01.png,Đình
c9c0e88760b8e1e6b8a9_crop_15_word_02.png,Tô
ccde8f25ab1c2a42730d_crop_01_word_00.png,Yến
ccde8f25ab1c2a42730d_crop_01_word_01.png,Thị
ccde8f25ab1c2a42730d_crop_01_word_02.png,Chu
ccde8f25ab1c2a42730d_crop_02_word_00.png,Hằng
ccde8f25ab1c2a42730d_crop_02_word_01.png,Thanh
ccde8f25ab1c2a42730d_crop_02_word_02.png,Vũ
ccde8f25ab1c2a42730d_crop_03_word_00.png,Nghĩa
ccde8f25ab1c2a42730d_crop_03_word_01.png,Chính
ccde8f25ab1c2a42730d_crop_03_word_02.png,Anh
ccde8f25ab1c2a42730d_crop_03_word_03.png,Nguyễn
ccde8f25ab1c2a42730d_crop_04_word_00.png,Nụ
ccde8f25ab1c2a42730d_crop_04_word_01.png,Thị
ccde8f25ab1c2a42730d_crop_04_word_02.png,Nguyễn
ccde8f25ab1c2a42730d_crop_05_word_00.png,Thắng
ccde8f25ab1c2a42730d_crop_05_word_01.png,Đức
ccde8f25ab1c2a42730d_crop_05_word_02.png,Trần
ccde8f25ab1c2a42730d_crop_06_word_00.png,Linh
ccde8f25ab1c2a42730d_crop_06_word_01.png,Quang
ccde8f25ab1c2a42730d_crop_06_word_02.png,Phạm
ccde8f25ab1c2a42730d_crop_07_word_00.png,Anh
ccde8f25ab1c2a42730d_crop_07_word_01.png,Tú
ccde8f25ab1c2a42730d_crop_07_word_02.png,Lê
ccde8f25ab1c2a42730d_crop_08_word_00.png,Anh
ccde8f25ab1c2a42730d_crop_08_word_01.png,Vân
ccde8f25ab1c2a42730d_crop_08_word_02.png,Thị
ccde8f25ab1c2a42730d_crop_08_word_03.png,Phùng
ccde8f25ab1c2a42730d_crop_09_word_00.png,Chinh
ccde8f25ab1c2a42730d_crop_09_word_01.png,Việt
ccde8f25ab1c2a42730d_crop_09_word_02.png,Thị
ccde8f25ab1c2a42730d_crop_09_word_03.png,Trần
ccde8f25ab1c2a42730d_crop_10_word_00.png,Nhung
ccde8f25ab1c2a42730d_crop_10_word_01.png,Hồng
ccde8f25ab1c2a42730d_crop_10_word_02.png,Thị
ccde8f25ab1c2a42730d_crop_10_word_03.png,Nguyễn
ccde8f25ab1c2a42730d_crop_11_word_00.png,Long
ccde8f25ab1c2a42730d_crop_11_word_01.png,Hà
ccde8f25ab1c2a42730d_crop_11_word_02.png,Dương
ccde8f25ab1c2a42730d_crop_12_word_00.png,Khải
ccde8f25ab1c2a42730d_crop_12_word_01.png,Văn
ccde8f25ab1c2a42730d_crop_12_word_02.png,Nguyễn
ccde8f25ab1c2a42730d_crop_13_word_00.png,Quyên
ccde8f25ab1c2a42730d_crop_13_word_01.png,Hoàng
ccde8f25ab1c2a42730d_crop_13_word_02.png,Thị
ccde8f25ab1c2a42730d_crop_13_word_03.png,Nguyễn
ccde8f25ab1c2a42730d_crop_14_word_00.png,Liên
ccde8f25ab1c2a42730d_crop_14_word_01.png,Thị
ccde8f25ab1c2a42730d_crop_14_word_02.png,Đỗ
ccde8f25ab1c2a42730d_crop_15_word_00.png,Hiên
ccde8f25ab1c2a42730d_crop_15_word_01.png,Thị
ccde8f25ab1c2a42730d_crop_15_word_02.png,Hoàng
d3440eb42a8dabd3f29c_crop_01_word_00.png,Hiếu
d3440eb42a8dabd3f29c_crop_01_word_01.png,Minh
d3440eb42a8dabd3f29c_crop_01_word_02.png,Lê
d3440eb42a8dabd3f29c_crop_02_word_00.png,Thảo
d3440eb42a8dabd3f29c_crop_02_word_01.png,Phương
d3440eb42a8dabd3f29c_crop_02_word_02.png,Nguyễn
d3440eb42a8dabd3f29c_crop_03_word_00.png,Nga
d3440eb42a8dabd3f29c_crop_03_word_01.png,Thị
d3440eb42a8dabd3f29c_crop_03_word_02.png,Nguyễn
d3440eb42a8dabd3f29c_crop_04_word_00.png,Mai
d3440eb42a8dabd3f29c_crop_04_word_01.png,Hương
d3440eb42a8dabd3f29c_crop_04_word_02.png,Thị
d3440eb42a8dabd3f29c_crop_04_word_03.png,Phạm
d3440eb42a8dabd3f29c_crop_05_word_00.png,Thu
d3440eb42a8dabd3f29c_crop_05_word_01.png,Thị
d3440eb42a8dabd3f29c_crop_05_word_02.png,Nguyễn
d3440eb42a8dabd3f29c_crop_06_word_00.png,Huyền
d3440eb42a8dabd3f29c_crop_06_word_01.png,Thu
d3440eb42a8dabd3f29c_crop_06_word_02.png,Thị
d3440eb42a8dabd3f29c_crop_06_word_03.png,Vũ
d3440eb42a8dabd3f29c_crop_07_word_00.png,Hà
d3440eb42a8dabd3f29c_crop_07_word_01.png,Ngọc
d3440eb42a8dabd3f29c_crop_07_word_02.png,Lê
d3440eb42a8dabd3f29c_crop_08_word_00.png,Phương
d3440eb42a8dabd3f29c_crop_08_word_01.png,Hà
d3440eb42a8dabd3f29c_crop_08_word_02.png,Lê
d3440eb42a8dabd3f29c_crop_09_word_00.png,Nam
d3440eb42a8dabd3f29c_crop_09_word_01.png,Duy
d3440eb42a8dabd3f29c_crop_09_word_02.png,Phạm
d3440eb42a8dabd3f29c_crop_10_word_00.png,Quỳnh
d3440eb42a8dabd3f29c_crop_10_word_01.png,Như
d3440eb42a8dabd3f29c_crop_10_word_02.png,Vũ
d3440eb42a8dabd3f29c_crop_11_word_00.png,Đông
d3440eb42a8dabd3f29c_crop_11_word_01.png,Phương
d3440eb42a8dabd3f29c_crop_11_word_02.png,Nguyễn
d3440eb42a8dabd3f29c_crop_12_word_00.png,Hải
d3440eb42a8dabd3f29c_crop_12_word_01.png,Ngọc
d3440eb42a8dabd3f29c_crop_12_word_02.png,Lê
d3440eb42a8dabd3f29c_crop_13_word_00.png,Trang
d3440eb42a8dabd3f29c_crop_13_word_01.png,Quỳnh
d3440eb42a8dabd3f29c_crop_13_word_02.png,Thị
d3440eb42a8dabd3f29c_crop_13_word_03.png,Nguyễn
d3440eb42a8dabd3f29c_crop_14_word_00.png,Châu
d3440eb42a8dabd3f29c_crop_14_word_01.png,Minh
d3440eb42a8dabd3f29c_crop_14_word_02.png,Võ
d3440eb42a8dabd3f29c_crop_15_word_00.png,Long
d3440eb42a8dabd3f29c_crop_15_word_01.png,Hải
d3440eb42a8dabd3f29c_crop_15_word_02.png,Nguyễn
d90d09ea2dd3ac8df5c2_crop_01_word_00.png,Quốc
d90d09ea2dd3ac8df5c2_crop_01_word_01.png,Cường
d90d09ea2dd3ac8df5c2_crop_01_word_02.png,Vũ
d90d09ea2dd3ac8df5c2_crop_02_word_00.png,Phương
d90d09ea2dd3ac8df5c2_crop_02_word_01.png,Thị
d90d09ea2dd3ac8df5c2_crop_02_word_02.png,Nguyễn
d90d09ea2dd3ac8df5c2_crop_03_word_00.png,Thúc
d90d09ea2dd3ac8df5c2_crop_03_word_01.png,Văn
d90d09ea2dd3ac8df5c2_crop_03_word_02.png,Lê
d90d09ea2dd3ac8df5c2_crop_04_word_00.png,Thủy
d90d09ea2dd3ac8df5c2_crop_04_word_01.png,Thu
d90d09ea2dd3ac8df5c2_crop_04_word_02.png,Thị
d90d09ea2dd3ac8df5c2_crop_04_word_03.png,Phạm
d90d09ea2dd3ac8df5c2_crop_05_word_00.png,Thắng
d90d09ea2dd3ac8df5c2_crop_05_word_01.png,Đức
d90d09ea2dd3ac8df5c2_crop_05_word_02.png,Vũ
d90d09ea2dd3ac8df5c2_crop_06_word_00.png,Đức
d90d09ea2dd3ac8df5c2_crop_06_word_01.png,Anh
d90d09ea2dd3ac8df5c2_crop_06_word_02.png,Hà
d90d09ea2dd3ac8df5c2_crop_07_word_00.png,Thịnh
d90d09ea2dd3ac8df5c2_crop_07_word_01.png,Huy
d90d09ea2dd3ac8df5c2_crop_07_word_02.png,Khổng
d90d09ea2dd3ac8df5c2_crop_08_word_00.png,Dũng
d90d09ea2dd3ac8df5c2_crop_08_word_01.png,Đình
d90d09ea2dd3ac8df5c2_crop_08_word_02.png,Đỗ
d90d09ea2dd3ac8df5c2_crop_09_word_00.png,Phương
d90d09ea2dd3ac8df5c2_crop_09_word_01.png,Lan
d90d09ea2dd3ac8df5c2_crop_09_word_02.png,Trần
d90d09ea2dd3ac8df5c2_crop_10_word_00.png,Xuyên
d90d09ea2dd3ac8df5c2_crop_10_word_01.png,Thị
d90d09ea2dd3ac8df5c2_crop_10_word_02.png,Nguyễn
d90d09ea2dd3ac8df5c2_crop_11_word_00.png,Hoàng
d90d09ea2dd3ac8df5c2_crop_11_word_01.png,Tuấn
d90d09ea2dd3ac8df5c2_crop_11_word_02.png,Nguyễn
d90d09ea2dd3ac8df5c2_crop_12_word_00.png,Diện
d90d09ea2dd3ac8df5c2_crop_12_word_01.png,Văn
d90d09ea2dd3ac8df5c2_crop_12_word_02.png,Hà
d90d09ea2dd3ac8df5c2_crop_13_word_00.png,Ngân
d90d09ea2dd3ac8df5c2_crop_13_word_01.png,Kim
d90d09ea2dd3ac8df5c2_crop_13_word_02.png,Thị
d90d09ea2dd3ac8df5c2_crop_13_word_03.png,Nguyễn
d90d09ea2dd3ac8df5c2_crop_14_word_00.png,Nam
d90d09ea2dd3ac8df5c2_crop_14_word_01.png,Văn
d90d09ea2dd3ac8df5c2_crop_14_word_02.png,Phạm
d90d09ea2dd3ac8df5c2_crop_15_word_00.png,Quý
d90d09ea2dd3ac8df5c2_crop_15_word_01.png,Phú
d90d09ea2dd3ac8df5c2_crop_15_word_02.png,Nguyễn
e692eed666e9e7b7bef8_crop_01_word_00.png,Anh
e692eed666e9e7b7bef8_crop_01_word_01.png,Phương
e692eed666e9e7b7bef8_crop_01_word_02.png,Nguyễn
e692eed666e9e7b7bef8_crop_02_word_00.png,Trâm
e692eed666e9e7b7bef8_crop_02_word_01.png,Mai
e692eed666e9e7b7bef8_crop_02_word_02.png,Thị
e692eed666e9e7b7bef8_crop_02_word_03.png,Ph
e692eed666e9e7b7bef8_crop_02_word_04.png,Phạm
e692eed666e9e7b7bef8_crop_03_word_00.png,Phương
e692eed666e9e7b7bef8_crop_03_word_01.png,Thu
e692eed666e9e7b7bef8_crop_03_word_02.png,Vũ
e692eed666e9e7b7bef8_crop_04_word_00.png,My
e692eed666e9e7b7bef8_crop_04_word_01.png,Thảo
e692eed666e9e7b7bef8_crop_04_word_02.png,Nguyễn
e692eed666e9e7b7bef8_crop_05_word_00.png,Vân
e692eed666e9e7b7bef8_crop_05_word_01.png,Hồng
e692eed666e9e7b7bef8_crop_05_word_02.png,Thị
e692eed666e9e7b7bef8_crop_05_word_03.png,Nguyễn
e692eed666e9e7b7bef8_crop_06_word_00.png,Tân
e692eed666e9e7b7bef8_crop_06_word_01.png,Minh
e692eed666e9e7b7bef8_crop_06_word_02.png,Thi
e692eed666e9e7b7bef8_crop_06_word_03.png,Giáp
e692eed666e9e7b7bef8_crop_07_word_00.png,Thảo
e692eed666e9e7b7bef8_crop_07_word_01.png,Thạch
e692eed666e9e7b7bef8_crop_07_word_02.png,Ngọc
e692eed666e9e7b7bef8_crop_07_word_03.png,Nguyễn
e692eed666e9e7b7bef8_crop_08_word_00.png,Anh
e692eed666e9e7b7bef8_crop_08_word_01.png,Hương
e692eed666e9e7b7bef8_crop_08_word_02.png,Lý
e692eed666e9e7b7bef8_crop_09_word_00.png,Nguyệt
e692eed666e9e7b7bef8_crop_09_word_01.png,Minh
e692eed666e9e7b7bef8_crop_09_word_02.png,Thị
e692eed666e9e7b7bef8_crop_09_word_03.png,Nguyễn
e692eed666e9e7b7bef8_crop_10_word_00.png,Dũng
e692eed666e9e7b7bef8_crop_10_word_01.png,Vũ
e692eed666e9e7b7bef8_crop_10_word_02.png,Nguyễn
e692eed666e9e7b7bef8_crop_11_word_00.png,Lâm
e692eed666e9e7b7bef8_crop_11_word_01.png,Tùng
e692eed666e9e7b7bef8_crop_11_word_02.png,Nguyễn
e692eed666e9e7b7bef8_crop_12_word_00.png,Quỳnh
e692eed666e9e7b7bef8_crop_12_word_01.png,Anh
e692eed666e9e7b7bef8_crop_12_word_02.png,Thị
e692eed666e9e7b7bef8_crop_12_word_03.png,Nguyễn
e692eed666e9e7b7bef8_crop_13_word_00.png,Anh
e692eed666e9e7b7bef8_crop_13_word_01.png,Quỳnh
e692eed666e9e7b7bef8_crop_13_word_02.png,Trần
e692eed666e9e7b7bef8_crop_14_word_00.png,Trang
e692eed666e9e7b7bef8_crop_14_word_01.png,Mai
e692eed666e9e7b7bef8_crop_14_word_02.png,Đỗ
e692eed666e9e7b7bef8_crop_15_word_00.png,Vy
e692eed666e9e7b7bef8_crop_15_word_01.png,Ngọc
e692eed666e9e7b7bef8_crop_15_word_02.png,Hoàng
e692eed666e9e7b7bef8_crop_15_word_03.png,Nguyễn
e692eed666e9e7b7bef8_crop_15_word_04.png,Ng
f52d6edd4ae4cbba92f5_crop_01_word_00.png,Yến
f52d6edd4ae4cbba92f5_crop_01_word_01.png,Thị
f52d6edd4ae4cbba92f5_crop_01_word_02.png,Chu
f52d6edd4ae4cbba92f5_crop_02_word_00.png,Hằng
f52d6edd4ae4cbba92f5_crop_02_word_01.png,Thanh
f52d6edd4ae4cbba92f5_crop_02_word_02.png,Vũ
f52d6edd4ae4cbba92f5_crop_03_word_00.png,Nghĩa
f52d6edd4ae4cbba92f5_crop_03_word_01.png,Chính
f52d6edd4ae4cbba92f5_crop_03_word_02.png,Anh
f52d6edd4ae4cbba92f5_crop_03_word_03.png,Nguyễn
f52d6edd4ae4cbba92f5_crop_04_word_00.png,Nụ
f52d6edd4ae4cbba92f5_crop_04_word_01.png,Thị
f52d6edd4ae4cbba92f5_crop_04_word_02.png,Nguyễn
f52d6edd4ae4cbba92f5_crop_05_word_00.png,Thắng
f52d6edd4ae4cbba92f5_crop_05_word_01.png,Đức
f52d6edd4ae4cbba92f5_crop_05_word_02.png,Trần
f52d6edd4ae4cbba92f5_crop_06_word_00.png,Linh
f52d6edd4ae4cbba92f5_crop_06_word_01.png,Quang
f52d6edd4ae4cbba92f5_crop_06_word_02.png,Phạm
f52d6edd4ae4cbba92f5_crop_07_word_00.png,Anh
f52d6edd4ae4cbba92f5_crop_07_word_01.png,Tú
f52d6edd4ae4cbba92f5_crop_07_word_02.png,Lê
f52d6edd4ae4cbba92f5_crop_08_word_00.png,Anh
f52d6edd4ae4cbba92f5_crop_08_word_01.png,Vân
f52d6edd4ae4cbba92f5_crop_08_word_02.png,Thị
f52d6edd4ae4cbba92f5_crop_08_word_03.png,Phùng
f52d6edd4ae4cbba92f5_crop_09_word_00.png,Chinh
f52d6edd4ae4cbba92f5_crop_09_word_01.png,Việt
f52d6edd4ae4cbba92f5_crop_09_word_02.png,Thị
f52d6edd4ae4cbba92f5_crop_09_word_03.png,Trần
f52d6edd4ae4cbba92f5_crop_10_word_00.png,Nhung
f52d6edd4ae4cbba92f5_crop_10_word_01.png,Hồng
f52d6edd4ae4cbba92f5_crop_10_word_02.png,Thị
f52d6edd4ae4cbba92f5_crop_10_word_03.png,Nguyễn
f52d6edd4ae4cbba92f5_crop_11_word_00.png,Long
f52d6edd4ae4cbba92f5_crop_11_word_01.png,Hà
f52d6edd4ae4cbba92f5_crop_11_word_02.png,Dương
f52d6edd4ae4cbba92f5_crop_12_word_00.png,Khải
f52d6edd4ae4cbba92f5_crop_12_word_01.png,Văn
f52d6edd4ae4cbba92f5_crop_12_word_02.png,Nguyễn
f52d6edd4ae4cbba92f5_crop_13_word_00.png,Quyên
f52d6edd4ae4cbba92f5_crop_13_word_01.png,Hoàng
f52d6edd4ae4cbba92f5_crop_13_word_02.png,Thị
f52d6edd4ae4cbba92f5_crop_13_word_03.png,Nguyễn
f52d6edd4ae4cbba92f5_crop_14_word_00.png,Liên
f52d6edd4ae4cbba92f5_crop_14_word_01.png,Thị
f52d6edd4ae4cbba92f5_crop_14_word_02.png,Đỗ
f52d6edd4ae4cbba92f5_crop_15_word_00.png,Hiên
f52d6edd4ae4cbba92f5_crop_15_word_01.png,Thị
f52d6edd4ae4cbba92f5_crop_15_word_02.png,Hoàng
f7aebae132deb380eacf_crop_01_word_00.png,Tổ
f7aebae132deb380eacf_crop_01_word_01.png,Thái
f7aebae132deb380eacf_crop_01_word_02.png,Lý
f7aebae132deb380eacf_crop_02_word_00.png,Duy
f7aebae132deb380eacf_crop_02_word_01.png,Tô
f7aebae132deb380eacf_crop_02_word_02.png,Ngũ
f7aebae132deb380eacf_crop_03_word_00.png,Khanh
f7aebae132deb380eacf_crop_03_word_01.png,Hải
f7aebae132deb380eacf_crop_03_word_02.png,Vũ
f7aebae132deb380eacf_crop_04_word_00.png,Thảo
f7aebae132deb380eacf_crop_04_word_01.png,Phương
f7aebae132deb380eacf_crop_04_word_02.png,Trần
f7aebae132deb380eacf_crop_04_word_03.png,Nguyễn
f7aebae132deb380eacf_crop_05_word_00.png,Huy
f7aebae132deb380eacf_crop_05_word_01.png,Quang
f7aebae132deb380eacf_crop_05_word_02.png,Vũ
f7aebae132deb380eacf_crop_05_word_03.png,Nguyễn
f7aebae132deb380eacf_crop_06_word_00.png,Uyên
f7aebae132deb380eacf_crop_06_word_01.png,Tố
f7aebae132deb380eacf_crop_06_word_02.png,Trần
f7aebae132deb380eacf_crop_07_word_00.png,Trinh
f7aebae132deb380eacf_crop_07_word_01.png,Chu
f7aebae132deb380eacf_crop_07_word_02.png,Phan
f7aebae132deb380eacf_crop_08_word_00.png,Minh
f7aebae132deb380eacf_crop_08_word_01.png,Quang
f7aebae132deb380eacf_crop_08_word_02.png,Vũ
f7aebae132deb380eacf_crop_09_word_00.png,Chi
f7aebae132deb380eacf_crop_09_word_01.png,Uyên
f7aebae132deb380eacf_crop_09_word_02.png,Đỗ
f7aebae132deb380eacf_crop_10_word_00.png,Bá
f7aebae132deb380eacf_crop_10_word_01.png,Xuân
f7aebae132deb380eacf_crop_10_word_02.png,Trần
f7aebae132deb380eacf_crop_11_word_00.png,Nguyên
f7aebae132deb380eacf_crop_11_word_01.png,Bá
f7aebae132deb380eacf_crop_11_word_02.png,Nguyễn
f7aebae132deb380eacf_crop_12_word_00.png,Nam
f7aebae132deb380eacf_crop_12_word_01.png,Đình
f7aebae132deb380eacf_crop_12_word_02.png,Phạm
f7aebae132deb380eacf_crop_13_word_00.png,Châu
f7aebae132deb380eacf_crop_13_word_01.png,Minh
f7aebae132deb380eacf_crop_13_word_02.png,Thị
f7aebae132deb380eacf_crop_13_word_03.png,Nguyễn
f7aebae132deb380eacf_crop_14_word_00.png,Huyền
f7aebae132deb380eacf_crop_14_word_01.png,Thanh
f7aebae132deb380eacf_crop_14_word_02.png,Thị
f7aebae132deb380eacf_crop_14_word_03.png,Lê
f7aebae132deb380eacf_crop_15_word_00.png,Anh
f7aebae132deb380eacf_crop_15_word_01.png,Ngọc
f7aebae132deb380eacf_crop_15_word_02.png,Đinh
