type,image,truth,pred,recomputed_pred,correct,crop_path,column,chosen_digit,filled_digits,argmax_digit,min_count,threshold,count_0,count_1,count_2,count_3,count_4,count_5,count_6,count_7,count_8,count_9
mssv,b1262cde00f981a7d8e8.jpg,83095176,?3095176,?3095176,False,data\eval_artifacts\b1262cde00f981a7d8e8\crops\mssv.png,1,?,,8,339,459,376,339,366,367,344,370,385,340,444,363
mssv,b1262cde00f981a7d8e8.jpg,83095176,?3095176,?3095176,False,data\eval_artifacts\b1262cde00f981a7d8e8\crops\mssv.png,2,3,3,3,339,459,378,342,358,555,345,368,376,339,369,367
mssv,b1262cde00f981a7d8e8.jpg,83095176,?3095176,?3095176,False,data\eval_artifacts\b1262cde00f981a7d8e8\crops\mssv.png,3,0,0,0,355,475,543,365,369,366,357,368,389,355,371,365
mssv,b1262cde00f981a7d8e8.jpg,83095176,?3095176,?3095176,False,data\eval_artifacts\b1262cde00f981a7d8e8\crops\mssv.png,4,9,9,9,340,460,387,349,370,366,376,384,390,340,376,541
mssv,b1262cde00f981a7d8e8.jpg,83095176,?3095176,?3095176,False,data\eval_artifacts\b1262cde00f981a7d8e8\crops\mssv.png,5,5,5,5,336,456,388,347,382,382,352,545,383,336,371,358
mssv,b1262cde00f981a7d8e8.jpg,83095176,?3095176,?3095176,False,data\eval_artifacts\b1262cde00f981a7d8e8\crops\mssv.png,6,1,1,1,320,440,377,560,373,371,362,374,379,320,355,353
mssv,b1262cde00f981a7d8e8.jpg,83095176,?3095176,?3095176,False,data\eval_artifacts\b1262cde00f981a7d8e8\crops\mssv.png,7,7,7,7,342,462,385,342,367,369,361,367,369,529,360,359
mssv,b1262cde00f981a7d8e8.jpg,83095176,?3095176,?3095176,False,data\eval_artifacts\b1262cde00f981a7d8e8\crops\mssv.png,8,6,6,6,324,444,374,344,373,370,352,374,526,324,354,365
mssv,e42559f375d4f48aadc5.jpg,22012467,??01????,??01????,False,data\eval_artifacts\e42559f375d4f48aadc5\crops\mssv.png,1,?,,2,323,443,377,323,419,374,374,376,388,347,390,346
mssv,e42559f375d4f48aadc5.jpg,22012467,??01????,??01????,False,data\eval_artifacts\e42559f375d4f48aadc5\crops\mssv.png,2,?,,2,346,466,384,346,430,364,347,366,388,346,374,391
mssv,e42559f375d4f48aadc5.jpg,22012467,??01????,??01????,False,data\eval_artifacts\e42559f375d4f48aadc5\crops\mssv.png,3,0,0,0,339,459,492,352,380,387,360,390,389,339,389,393
mssv,e42559f375d4f48aadc5.jpg,22012467,??01????,??01????,False,data\eval_artifacts\e42559f375d4f48aadc5\crops\mssv.png,4,1,1,1,347,467,406,498,362,359,383,388,400,347,393,377
mssv,e42559f375d4f48aadc5.jpg,22012467,??01????,??01????,False,data\eval_artifacts\e42559f375d4f48aadc5\crops\mssv.png,5,?,,0,350,470,395,354,375,375,353,384,372,350,374,391
mssv,e42559f375d4f48aadc5.jpg,22012467,??01????,??01????,False,data\eval_artifacts\e42559f375d4f48aadc5\crops\mssv.png,6,?,,0,317,437,387,357,378,371,385,366,371,317,371,357
mssv,e42559f375d4f48aadc5.jpg,22012467,??01????,??01????,False,data\eval_artifacts\e42559f375d4f48aadc5\crops\mssv.png,7,?,,0,334,454,396,334,369,376,360,358,368,350,364,363
mssv,e42559f375d4f48aadc5.jpg,22012467,??01????,??01????,False,data\eval_artifacts\e42559f375d4f48aadc5\crops\mssv.png,8,?,,7,340,460,370,364,382,376,340,373,392,438,370,412
mssv,19859f7bb35c32026b4d.jpg,12025946,1202?946,1202?946,False,data\eval_artifacts\19859f7bb35c32026b4d\crops\mssv.png,1,1,1,1,344,464,390,530,384,382,362,388,382,344,373,385
mssv,19859f7bb35c32026b4d.jpg,12025946,1202?946,1202?946,False,data\eval_artifacts\19859f7bb35c32026b4d\crops\mssv.png,2,2,2,2,350,470,407,366,513,369,364,370,394,350,385,373
mssv,19859f7bb35c32026b4d.jpg,12025946,1202?946,1202?946,False,data\eval_artifacts\19859f7bb35c32026b4d\crops\mssv.png,3,0,0,0,365,485,563,365,375,391,389,391,385,368,390,380
mssv,19859f7bb35c32026b4d.jpg,12025946,1202?946,1202?946,False,data\eval_artifacts\19859f7bb35c32026b4d\crops\mssv.png,4,2,2,2,337,457,391,376,556,381,391,379,398,337,395,392
mssv,19859f7bb35c32026b4d.jpg,12025946,1202?946,1202?946,False,data\eval_artifacts\19859f7bb35c32026b4d\crops\mssv.png,5,?,,5,353,473,407,370,374,374,366,453,394,353,388,385
mssv,19859f7bb35c32026b4d.jpg,12025946,1202?946,1202?946,False,data\eval_artifacts\19859f7bb35c32026b4d\crops\mssv.png,6,9,9,9,332,452,399,374,394,394,382,369,396,332,367,481
mssv,19859f7bb35c32026b4d.jpg,12025946,1202?946,1202?946,False,data\eval_artifacts\19859f7bb35c32026b4d\crops\mssv.png,7,4,4,4,339,459,408,380,376,390,491,375,372,339,386,378
mssv,19859f7bb35c32026b4d.jpg,12025946,1202?946,1202?946,False,data\eval_artifacts\19859f7bb35c32026b4d\crops\mssv.png,8,6,6,6,348,468,391,360,393,376,378,389,493,348,385,381
mssv,502b9fc8b3ef32b16bfe.jpg,12025946,1202??4?,1202??4?,False,data\eval_artifacts\502b9fc8b3ef32b16bfe\crops\mssv.png,1,1,1,1,310,430,335,474,347,346,339,337,340,310,351,337
mssv,502b9fc8b3ef32b16bfe.jpg,12025946,1202??4?,1202??4?,False,data\eval_artifacts\502b9fc8b3ef32b16bfe\crops\mssv.png,2,2,2,2,320,440,354,324,453,346,338,341,349,320,350,352
mssv,502b9fc8b3ef32b16bfe.jpg,12025946,1202??4?,1202??4?,False,data\eval_artifacts\502b9fc8b3ef32b16bfe\crops\mssv.png,3,0,0,0,319,439,500,331,345,357,344,354,363,319,359,354
mssv,502b9fc8b3ef32b16bfe.jpg,12025946,1202??4?,1202??4?,False,data\eval_artifacts\502b9fc8b3ef32b16bfe\crops\mssv.png,4,2,2,2,321,441,371,333,492,352,351,352,362,321,350,351
mssv,502b9fc8b3ef32b16bfe.jpg,12025946,1202??4?,1202??4?,False,data\eval_artifacts\502b9fc8b3ef32b16bfe\crops\mssv.png,5,?,,5,314,434,362,335,355,351,346,430,347,314,347,347
mssv,502b9fc8b3ef32b16bfe.jpg,12025946,1202??4?,1202??4?,False,data\eval_artifacts\502b9fc8b3ef32b16bfe\crops\mssv.png,6,?,,9,311,431,366,332,351,346,335,341,355,311,337,417
mssv,502b9fc8b3ef32b16bfe.jpg,12025946,1202??4?,1202??4?,False,data\eval_artifacts\502b9fc8b3ef32b16bfe\crops\mssv.png,7,4,4,4,306,426,367,329,343,336,465,337,336,306,338,341
mssv,502b9fc8b3ef32b16bfe.jpg,12025946,1202??4?,1202??4?,False,data\eval_artifacts\502b9fc8b3ef32b16bfe\crops\mssv.png,8,?,,6,305,425,338,322,340,333,327,340,420,305,338,333
mssv,d2d96838441fc5419c0e.jpg,12025946,1?025?46,1?025?46,False,data\eval_artifacts\d2d96838441fc5419c0e\crops\mssv.png,1,1,1,1,315,435,330,466,328,335,327,340,341,315,319,328
mssv,d2d96838441fc5419c0e.jpg,12025946,1?025?46,1?025?46,False,data\eval_artifacts\d2d96838441fc5419c0e\crops\mssv.png,2,?,,2,306,426,346,306,411,340,329,335,351,316,323,360
mssv,d2d96838441fc5419c0e.jpg,12025946,1?025?46,1?025?46,False,data\eval_artifacts\d2d96838441fc5419c0e\crops\mssv.png,3,0,0,0,319,439,471,333,346,340,319,351,343,319,350,365
mssv,d2d96838441fc5419c0e.jpg,12025946,1?025?46,1?025?46,False,data\eval_artifacts\d2d96838441fc5419c0e\crops\mssv.png,4,2,2,2,313,433,357,333,496,345,344,313,370,320,350,344
mssv,d2d96838441fc5419c0e.jpg,12025946,1?025?46,1?025?46,False,data\eval_artifacts\d2d96838441fc5419c0e\crops\mssv.png,5,5,5,5,297,417,363,332,354,338,314,422,349,297,347,352
mssv,d2d96838441fc5419c0e.jpg,12025946,1?025?46,1?025?46,False,data\eval_artifacts\d2d96838441fc5419c0e\crops\mssv.png,6,?,,9,302,422,360,311,346,331,334,346,358,302,330,380
mssv,d2d96838441fc5419c0e.jpg,12025946,1?025?46,1?025?46,False,data\eval_artifacts\d2d96838441fc5419c0e\crops\mssv.png,7,4,4,4,304,424,356,321,322,340,470,337,346,304,316,344
mssv,d2d96838441fc5419c0e.jpg,12025946,1?025?46,1?025?46,False,data\eval_artifacts\d2d96838441fc5419c0e\crops\mssv.png,8,6,6,6,289,409,329,317,345,351,315,349,437,289,342,342
mssv,14405a4e7669f737ae78.jpg,41739528,?17??5??,?17??5??,False,data\eval_artifacts\14405a4e7669f737ae78\crops\mssv.png,1,?,,4,362,482,386,364,382,376,444,387,392,362,391,379
mssv,14405a4e7669f737ae78.jpg,41739528,?17??5??,?17??5??,False,data\eval_artifacts\14405a4e7669f737ae78\crops\mssv.png,2,1,1,1,358,478,391,479,369,371,379,374,393,358,402,395
mssv,14405a4e7669f737ae78.jpg,41739528,?17??5??,?17??5??,False,data\eval_artifacts\14405a4e7669f737ae78\crops\mssv.png,3,7,7,7,354,474,409,354,382,385,380,404,406,522,403,394
mssv,14405a4e7669f737ae78.jpg,41739528,?17??5??,?17??5??,False,data\eval_artifacts\14405a4e7669f737ae78\crops\mssv.png,4,?,,3,365,485,400,365,394,463,395,402,420,369,402,404
mssv,14405a4e7669f737ae78.jpg,41739528,?17??5??,?17??5??,False,data\eval_artifacts\14405a4e7669f737ae78\crops\mssv.png,5,?,,9,364,484,392,367,393,390,390,404,401,364,397,447
mssv,14405a4e7669f737ae78.jpg,41739528,?17??5??,?17??5??,False,data\eval_artifacts\14405a4e7669f737ae78\crops\mssv.png,6,5,5,5,347,467,398,364,390,385,381,473,404,347,387,395
mssv,14405a4e7669f737ae78.jpg,41739528,?17??5??,?17??5??,False,data\eval_artifacts\14405a4e7669f737ae78\crops\mssv.png,7,?,,2,347,467,400,370,439,390,375,387,381,347,387,384
mssv,14405a4e7669f737ae78.jpg,41739528,?17??5??,?17??5??,False,data\eval_artifacts\14405a4e7669f737ae78\crops\mssv.png,8,?,,8,348,468,388,362,396,393,379,381,395,348,415,377
mssv,7126b2d39ef41faa46e5.jpg,41739528,????????,????????,False,data\eval_artifacts\7126b2d39ef41faa46e5\crops\mssv.png,1,?,,4,336,456,370,353,358,367,414,367,375,336,377,360
mssv,7126b2d39ef41faa46e5.jpg,41739528,????????,????????,False,data\eval_artifacts\7126b2d39ef41faa46e5\crops\mssv.png,2,?,,1,329,449,374,446,360,364,354,361,367,329,370,372
mssv,7126b2d39ef41faa46e5.jpg,41739528,????????,????????,False,data\eval_artifacts\7126b2d39ef41faa46e5\crops\mssv.png,3,?,,7,348,468,379,348,367,374,361,377,383,437,377,377
mssv,7126b2d39ef41faa46e5.jpg,41739528,????????,????????,False,data\eval_artifacts\7126b2d39ef41faa46e5\crops\mssv.png,4,?,,3,344,464,389,353,381,445,373,386,394,344,370,378
mssv,7126b2d39ef41faa46e5.jpg,41739528,????????,????????,False,data\eval_artifacts\7126b2d39ef41faa46e5\crops\mssv.png,5,?,,9,342,462,387,344,377,380,373,370,379,342,368,413
mssv,7126b2d39ef41faa46e5.jpg,41739528,????????,????????,False,data\eval_artifacts\7126b2d39ef41faa46e5\crops\mssv.png,6,?,,5,331,451,390,362,379,379,364,431,373,331,363,362
mssv,7126b2d39ef41faa46e5.jpg,41739528,????????,????????,False,data\eval_artifacts\7126b2d39ef41faa46e5\crops\mssv.png,7,?,,2,332,452,382,351,401,364,362,358,364,332,352,362
mssv,7126b2d39ef41faa46e5.jpg,41739528,????????,????????,False,data\eval_artifacts\7126b2d39ef41faa46e5\crops\mssv.png,8,?,,8,329,449,353,342,371,370,362,364,365,329,388,358
mssv,78f60bfa27dda683ffcc.jpg,41739528,????????,????????,False,data\eval_artifacts\78f60bfa27dda683ffcc\crops\mssv.png,1,?,,4,328,448,336,334,345,351,394,348,350,328,357,346
mssv,78f60bfa27dda683ffcc.jpg,41739528,????????,????????,False,data\eval_artifacts\78f60bfa27dda683ffcc\crops\mssv.png,2,?,,1,319,439,362,428,353,346,348,354,364,319,350,348
mssv,78f60bfa27dda683ffcc.jpg,41739528,????????,????????,False,data\eval_artifacts\78f60bfa27dda683ffcc\crops\mssv.png,3,?,,7,340,460,370,340,356,359,353,357,372,408,368,369
mssv,78f60bfa27dda683ffcc.jpg,41739528,????????,????????,False,data\eval_artifacts\78f60bfa27dda683ffcc\crops\mssv.png,4,?,,3,328,448,374,348,357,410,351,351,365,328,365,365
mssv,78f60bfa27dda683ffcc.jpg,41739528,????????,????????,False,data\eval_artifacts\78f60bfa27dda683ffcc\crops\mssv.png,5,?,,9,321,441,368,339,360,351,345,345,354,321,350,390
mssv,78f60bfa27dda683ffcc.jpg,41739528,????????,????????,False,data\eval_artifacts\78f60bfa27dda683ffcc\crops\mssv.png,6,?,,5,323,443,367,331,347,355,340,395,352,323,344,355
mssv,78f60bfa27dda683ffcc.jpg,41739528,????????,????????,False,data\eval_artifacts\78f60bfa27dda683ffcc\crops\mssv.png,7,?,,2,310,430,354,326,381,339,336,352,349,310,346,348
mssv,78f60bfa27dda683ffcc.jpg,41739528,????????,????????,False,data\eval_artifacts\78f60bfa27dda683ffcc\crops\mssv.png,8,?,,8,305,425,336,338,351,343,330,350,358,305,361,337
mssv,f302a400882709795036.jpg,41739528,????????,????????,False,data\eval_artifacts\f302a400882709795036\crops\mssv.png,1,?,,4,327,447,337,334,354,349,384,345,360,327,346,347
mssv,f302a400882709795036.jpg,41739528,????????,????????,False,data\eval_artifacts\f302a400882709795036\crops\mssv.png,2,?,,1,318,438,357,416,347,349,336,337,357,318,350,342
mssv,f302a400882709795036.jpg,41739528,????????,????????,False,data\eval_artifacts\f302a400882709795036\crops\mssv.png,3,?,,7,335,455,364,335,357,360,347,347,371,408,361,351
mssv,f302a400882709795036.jpg,41739528,????????,????????,False,data\eval_artifacts\f302a400882709795036\crops\mssv.png,4,?,,3,330,450,375,341,361,398,346,368,364,330,357,356
mssv,f302a400882709795036.jpg,41739528,????????,????????,False,data\eval_artifacts\f302a400882709795036\crops\mssv.png,5,?,,9,322,442,371,347,355,358,346,360,342,322,355,384
mssv,f302a400882709795036.jpg,41739528,????????,????????,False,data\eval_artifacts\f302a400882709795036\crops\mssv.png,6,?,,5,313,433,367,328,346,356,350,389,361,313,348,357
mssv,f302a400882709795036.jpg,41739528,????????,????????,False,data\eval_artifacts\f302a400882709795036\crops\mssv.png,7,?,,2,313,433,356,323,377,351,335,343,352,313,347,347
mssv,f302a400882709795036.jpg,41739528,????????,????????,False,data\eval_artifacts\f302a400882709795036\crops\mssv.png,8,?,,8,313,433,332,342,355,348,332,348,340,313,367,333
mssv,5164e260ce474f191656.jpg,50712964,50?12964,50?12964,False,data\eval_artifacts\5164e260ce474f191656\crops\mssv.png,1,5,5,5,335,455,354,337,355,358,351,545,384,335,375,355
mssv,5164e260ce474f191656.jpg,50712964,50?12964,50?12964,False,data\eval_artifacts\5164e260ce474f191656\crops\mssv.png,2,0,0,0,337,457,525,337,354,370,355,361,372,341,376,370
mssv,5164e260ce474f191656.jpg,50712964,50?12964,50?12964,False,data\eval_artifacts\5164e260ce474f191656\crops\mssv.png,3,?,,7,348,468,385,348,375,367,364,381,381,453,376,384
mssv,5164e260ce474f191656.jpg,50712964,50?12964,50?12964,False,data\eval_artifacts\5164e260ce474f191656\crops\mssv.png,4,1,1,1,344,464,383,523,364,370,368,374,381,344,382,375
mssv,5164e260ce474f191656.jpg,50712964,50?12964,50?12964,False,data\eval_artifacts\5164e260ce474f191656\crops\mssv.png,5,2,2,2,339,459,382,351,516,360,356,364,372,339,358,375
mssv,5164e260ce474f191656.jpg,50712964,50?12964,50?12964,False,data\eval_artifacts\5164e260ce474f191656\crops\mssv.png,6,9,9,9,335,455,379,355,356,365,362,366,376,335,368,483
mssv,5164e260ce474f191656.jpg,50712964,50?12964,50?12964,False,data\eval_artifacts\5164e260ce474f191656\crops\mssv.png,7,6,6,6,334,454,375,348,367,364,360,369,481,334,365,371
mssv,5164e260ce474f191656.jpg,50712964,50?12964,50?12964,False,data\eval_artifacts\5164e260ce474f191656\crops\mssv.png,8,4,4,4,332,452,363,342,368,369,510,359,367,332,367,362
mssv,b9ddbcd990fe11a048ef.jpg,50712964,50?12964,50?12964,False,data\eval_artifacts\b9ddbcd990fe11a048ef\crops\mssv.png,1,5,5,5,332,452,356,332,347,356,349,546,372,344,384,367
mssv,b9ddbcd990fe11a048ef.jpg,50712964,50?12964,50?12964,False,data\eval_artifacts\b9ddbcd990fe11a048ef\crops\mssv.png,2,0,0,0,336,456,516,340,349,354,347,368,371,336,364,367
mssv,b9ddbcd990fe11a048ef.jpg,50712964,50?12964,50?12964,False,data\eval_artifacts\b9ddbcd990fe11a048ef\crops\mssv.png,3,?,,7,346,466,380,346,364,360,362,372,377,448,375,364
mssv,b9ddbcd990fe11a048ef.jpg,50712964,50?12964,50?12964,False,data\eval_artifacts\b9ddbcd990fe11a048ef\crops\mssv.png,4,1,1,1,330,450,377,516,366,371,360,363,383,330,379,374
mssv,b9ddbcd990fe11a048ef.jpg,50712964,50?12964,50?12964,False,data\eval_artifacts\b9ddbcd990fe11a048ef\crops\mssv.png,5,2,2,2,334,454,375,348,507,371,364,370,370,334,373,372
mssv,b9ddbcd990fe11a048ef.jpg,50712964,50?12964,50?12964,False,data\eval_artifacts\b9ddbcd990fe11a048ef\crops\mssv.png,6,9,9,9,329,449,375,348,358,364,353,366,372,329,370,461
mssv,b9ddbcd990fe11a048ef.jpg,50712964,50?12964,50?12964,False,data\eval_artifacts\b9ddbcd990fe11a048ef\crops\mssv.png,7,6,6,6,331,451,375,335,354,360,359,361,492,331,365,352
mssv,b9ddbcd990fe11a048ef.jpg,50712964,50?12964,50?12964,False,data\eval_artifacts\b9ddbcd990fe11a048ef\crops\mssv.png,8,4,4,4,329,449,355,337,363,357,508,366,371,329,364,350
mssv,41ed75cd59ead8b481fb.jpg,36128594,36128???,36128???,False,data\eval_artifacts\41ed75cd59ead8b481fb\crops\mssv.png,1,3,3,3,373,493,373,375,395,580,390,399,413,382,403,415
mssv,41ed75cd59ead8b481fb.jpg,36128594,36128???,36128???,False,data\eval_artifacts\41ed75cd59ead8b481fb\crops\mssv.png,2,6,6,6,366,486,396,366,387,400,392,406,575,377,417,414
mssv,41ed75cd59ead8b481fb.jpg,36128594,36128???,36128???,False,data\eval_artifacts\41ed75cd59ead8b481fb\crops\mssv.png,3,1,1,1,385,505,421,581,388,412,408,422,430,385,423,417
mssv,41ed75cd59ead8b481fb.jpg,36128594,36128???,36128???,False,data\eval_artifacts\41ed75cd59ead8b481fb\crops\mssv.png,4,2,2,2,372,492,424,377,561,372,407,424,422,375,422,415
mssv,41ed75cd59ead8b481fb.jpg,36128594,36128???,36128???,False,data\eval_artifacts\41ed75cd59ead8b481fb\crops\mssv.png,5,8,8,8,352,472,414,380,414,408,398,412,405,352,479,416
mssv,41ed75cd59ead8b481fb.jpg,36128594,36128???,36128???,False,data\eval_artifacts\41ed75cd59ead8b481fb\crops\mssv.png,6,?,,5,367,487,415,385,408,399,399,478,413,367,402,401
mssv,41ed75cd59ead8b481fb.jpg,36128594,36128???,36128???,False,data\eval_artifacts\41ed75cd59ead8b481fb\crops\mssv.png,7,?,,9,359,479,420,378,405,407,395,402,401,359,401,450
mssv,41ed75cd59ead8b481fb.jpg,36128594,36128???,36128???,False,data\eval_artifacts\41ed75cd59ead8b481fb\crops\mssv.png,8,?,,4,357,477,402,377,414,415,463,407,407,357,401,411
mssv,48fa0df221d5a08bf9c4.jpg,36128594,361?????,361?????,False,data\eval_artifacts\48fa0df221d5a08bf9c4\crops\mssv.png,1,3,3,3,283,403,327,322,339,462,287,283,295,302,340,336
mssv,48fa0df221d5a08bf9c4.jpg,36128594,361?????,361?????,False,data\eval_artifacts\48fa0df221d5a08bf9c4\crops\mssv.png,2,6,6,6,320,440,339,328,358,352,323,332,482,320,365,372
mssv,48fa0df221d5a08bf9c4.jpg,36128594,361?????,361?????,False,data\eval_artifacts\48fa0df221d5a08bf9c4\crops\mssv.png,3,1,1,1,336,456,379,497,369,355,357,363,378,336,363,375
mssv,48fa0df221d5a08bf9c4.jpg,36128594,361?????,361?????,False,data\eval_artifacts\48fa0df221d5a08bf9c4\crops\mssv.png,4,?,,2,316,436,376,316,436,369,356,373,377,339,374,363
mssv,48fa0df221d5a08bf9c4.jpg,36128594,361?????,361?????,False,data\eval_artifacts\48fa0df221d5a08bf9c4\crops\mssv.png,5,?,,8,333,453,369,344,333,364,350,353,368,333,396,356
mssv,48fa0df221d5a08bf9c4.jpg,36128594,361?????,361?????,False,data\eval_artifacts\48fa0df221d5a08bf9c4\crops\mssv.png,6,?,,5,329,449,362,354,349,368,356,389,357,329,353,359
mssv,48fa0df221d5a08bf9c4.jpg,36128594,361?????,361?????,False,data\eval_artifacts\48fa0df221d5a08bf9c4\crops\mssv.png,7,?,,9,317,437,359,333,359,330,350,360,359,317,366,382
mssv,48fa0df221d5a08bf9c4.jpg,36128594,361?????,361?????,False,data\eval_artifacts\48fa0df221d5a08bf9c4\crops\mssv.png,8,?,,2,314,434,363,338,368,358,359,351,360,314,347,348
mssv,69ce96efbac83b9662d9.jpg,36128594,3612????,3612????,False,data\eval_artifacts\69ce96efbac83b9662d9\crops\mssv.png,1,3,3,3,326,446,348,346,367,534,370,380,361,326,351,381
mssv,69ce96efbac83b9662d9.jpg,36128594,3612????,3612????,False,data\eval_artifacts\69ce96efbac83b9662d9\crops\mssv.png,2,6,6,6,335,455,379,335,362,355,357,374,508,336,369,381
mssv,69ce96efbac83b9662d9.jpg,36128594,3612????,3612????,False,data\eval_artifacts\69ce96efbac83b9662d9\crops\mssv.png,3,1,1,1,346,466,379,531,352,376,367,382,392,346,379,382
mssv,69ce96efbac83b9662d9.jpg,36128594,3612????,3612????,False,data\eval_artifacts\69ce96efbac83b9662d9\crops\mssv.png,4,2,2,2,335,455,390,344,481,355,343,387,386,335,368,387
mssv,69ce96efbac83b9662d9.jpg,36128594,3612????,3612????,False,data\eval_artifacts\69ce96efbac83b9662d9\crops\mssv.png,5,?,,8,313,433,350,354,365,372,359,368,363,313,380,378
mssv,69ce96efbac83b9662d9.jpg,36128594,3612????,3612????,False,data\eval_artifacts\69ce96efbac83b9662d9\crops\mssv.png,6,?,,5,339,459,382,340,371,369,360,422,381,339,367,363
mssv,69ce96efbac83b9662d9.jpg,36128594,3612????,3612????,False,data\eval_artifacts\69ce96efbac83b9662d9\crops\mssv.png,7,?,,0,326,446,388,345,341,371,359,364,381,326,370,387
mssv,69ce96efbac83b9662d9.jpg,36128594,3612????,3612????,False,data\eval_artifacts\69ce96efbac83b9662d9\crops\mssv.png,8,?,,4,332,452,375,345,379,362,392,363,366,332,373,366
mssv,df7a73f65ed1df8f86c0.jpg,36128594,3612?5??,3612?5??,False,data\eval_artifacts\df7a73f65ed1df8f86c0\crops\mssv.png,1,3,3,3,318,438,318,347,381,579,385,408,404,373,413,412
mssv,df7a73f65ed1df8f86c0.jpg,36128594,3612?5??,3612?5??,False,data\eval_artifacts\df7a73f65ed1df8f86c0\crops\mssv.png,2,6,6,6,332,452,332,347,362,390,380,392,569,368,403,413
mssv,df7a73f65ed1df8f86c0.jpg,36128594,3612?5??,3612?5??,False,data\eval_artifacts\df7a73f65ed1df8f86c0\crops\mssv.png,3,1,1,1,367,487,405,545,397,396,367,393,399,373,417,416
mssv,df7a73f65ed1df8f86c0.jpg,36128594,3612?5??,3612?5??,False,data\eval_artifacts\df7a73f65ed1df8f86c0\crops\mssv.png,4,2,2,2,365,485,408,365,530,406,388,418,427,370,412,411
mssv,df7a73f65ed1df8f86c0.jpg,36128594,3612?5??,3612?5??,False,data\eval_artifacts\df7a73f65ed1df8f86c0\crops\mssv.png,5,?,,8,368,488,395,382,368,408,405,408,410,368,456,413
mssv,df7a73f65ed1df8f86c0.jpg,36128594,3612?5??,3612?5??,False,data\eval_artifacts\df7a73f65ed1df8f86c0\crops\mssv.png,6,5,5,5,362,482,406,362,400,379,385,490,415,363,397,411
mssv,df7a73f65ed1df8f86c0.jpg,36128594,3612?5??,3612?5??,False,data\eval_artifacts\df7a73f65ed1df8f86c0\crops\mssv.png,7,?,,9,359,479,407,364,370,396,389,398,402,359,391,428
mssv,df7a73f65ed1df8f86c0.jpg,36128594,3612?5??,3612?5??,False,data\eval_artifacts\df7a73f65ed1df8f86c0\crops\mssv.png,8,?,,6,358,478,407,374,400,400,389,394,413,358,390,395
mssv,13f0147f3958b806e149.jpg,72405916,7240591?,7240591?,False,data\eval_artifacts\13f0147f3958b806e149\crops\mssv.png,1,7,7,7,345,465,353,345,362,366,364,372,383,474,386,363
mssv,13f0147f3958b806e149.jpg,72405916,7240591?,7240591?,False,data\eval_artifacts\13f0147f3958b806e149\crops\mssv.png,2,2,2,2,338,458,372,341,511,363,359,375,372,338,374,373
mssv,13f0147f3958b806e149.jpg,72405916,7240591?,7240591?,False,data\eval_artifacts\13f0147f3958b806e149\crops\mssv.png,3,4,4,4,350,470,388,353,382,370,517,386,391,350,382,379
mssv,13f0147f3958b806e149.jpg,72405916,7240591?,7240591?,False,data\eval_artifacts\13f0147f3958b806e149\crops\mssv.png,4,0,0,0,346,466,530,346,378,378,376,386,391,349,378,385
mssv,13f0147f3958b806e149.jpg,72405916,7240591?,7240591?,False,data\eval_artifacts\13f0147f3958b806e149\crops\mssv.png,5,5,5,5,349,469,392,354,369,373,357,499,378,349,377,374
mssv,13f0147f3958b806e149.jpg,72405916,7240591?,7240591?,False,data\eval_artifacts\13f0147f3958b806e149\crops\mssv.png,6,9,9,9,337,457,383,354,369,371,363,377,379,337,375,467
mssv,13f0147f3958b806e149.jpg,72405916,7240591?,7240591?,False,data\eval_artifacts\13f0147f3958b806e149\crops\mssv.png,7,1,1,1,340,460,376,539,366,364,357,369,377,340,375,373
mssv,13f0147f3958b806e149.jpg,72405916,7240591?,7240591?,False,data\eval_artifacts\13f0147f3958b806e149\crops\mssv.png,8,?,,6,339,459,366,339,373,371,363,369,443,340,366,368
mssv,46c379db55fcd4a28ded.jpg,72405916,?240591?,?240591?,False,data\eval_artifacts\46c379db55fcd4a28ded\crops\mssv.png,1,?,,7,346,466,365,346,368,365,351,365,371,458,376,365
mssv,46c379db55fcd4a28ded.jpg,72405916,?240591?,?240591?,False,data\eval_artifacts\46c379db55fcd4a28ded\crops\mssv.png,2,2,2,2,328,448,366,349,507,361,358,364,370,328,367,375
mssv,46c379db55fcd4a28ded.jpg,72405916,?240591?,?240591?,False,data\eval_artifacts\46c379db55fcd4a28ded\crops\mssv.png,3,4,4,4,345,465,377,351,376,370,495,377,384,345,376,368
mssv,46c379db55fcd4a28ded.jpg,72405916,?240591?,?240591?,False,data\eval_artifacts\46c379db55fcd4a28ded\crops\mssv.png,4,0,0,0,342,462,533,349,374,377,373,381,382,342,379,374
mssv,46c379db55fcd4a28ded.jpg,72405916,?240591?,?240591?,False,data\eval_artifacts\46c379db55fcd4a28ded\crops\mssv.png,5,5,5,5,343,463,383,346,371,378,361,494,373,343,372,366
mssv,46c379db55fcd4a28ded.jpg,72405916,?240591?,?240591?,False,data\eval_artifacts\46c379db55fcd4a28ded\crops\mssv.png,6,9,9,9,327,447,380,349,368,373,362,374,384,327,367,457
mssv,46c379db55fcd4a28ded.jpg,72405916,?240591?,?240591?,False,data\eval_artifacts\46c379db55fcd4a28ded\crops\mssv.png,7,1,1,1,335,455,388,524,359,366,353,367,369,335,369,367
mssv,46c379db55fcd4a28ded.jpg,72405916,?240591?,?240591?,False,data\eval_artifacts\46c379db55fcd4a28ded\crops\mssv.png,8,?,,6,330,450,361,345,368,363,351,362,422,330,358,356
mssv,e34fc149ed6e6c30357f.jpg,72405916,?2405?1?,?2405?1?,False,data\eval_artifacts\e34fc149ed6e6c30357f\crops\mssv.png,1,?,,7,323,443,341,331,346,345,340,355,349,439,323,323
mssv,e34fc149ed6e6c30357f.jpg,72405916,?2405?1?,?2405?1?,False,data\eval_artifacts\e34fc149ed6e6c30357f\crops\mssv.png,2,2,2,2,310,430,374,332,505,363,356,371,379,349,373,310
mssv,e34fc149ed6e6c30357f.jpg,72405916,?2405?1?,?2405?1?,False,data\eval_artifacts\e34fc149ed6e6c30357f\crops\mssv.png,3,4,4,4,352,472,384,356,379,361,521,391,394,358,376,352
mssv,e34fc149ed6e6c30357f.jpg,72405916,?2405?1?,?2405?1?,False,data\eval_artifacts\e34fc149ed6e6c30357f\crops\mssv.png,4,0,0,0,348,468,525,356,374,371,377,383,367,348,378,379
mssv,e34fc149ed6e6c30357f.jpg,72405916,?2405?1?,?2405?1?,False,data\eval_artifacts\e34fc149ed6e6c30357f\crops\mssv.png,5,5,5,5,347,467,356,352,366,372,369,508,389,347,358,373
mssv,e34fc149ed6e6c30357f.jpg,72405916,?2405?1?,?2405?1?,False,data\eval_artifacts\e34fc149ed6e6c30357f\crops\mssv.png,6,?,,9,340,460,385,343,359,377,362,381,388,340,368,456
mssv,e34fc149ed6e6c30357f.jpg,72405916,?2405?1?,?2405?1?,False,data\eval_artifacts\e34fc149ed6e6c30357f\crops\mssv.png,7,1,1,1,348,468,376,537,370,356,351,373,383,348,372,376
mssv,e34fc149ed6e6c30357f.jpg,72405916,?2405?1?,?2405?1?,False,data\eval_artifacts\e34fc149ed6e6c30357f\crops\mssv.png,8,?,,6,328,448,374,346,373,379,362,368,442,328,388,379
mssv,e661ce65e242631c3a53.jpg,72405916,72405?1?,72405?1?,False,data\eval_artifacts\e661ce65e242631c3a53\crops\mssv.png,1,7,7,7,322,442,342,322,353,344,332,363,364,453,364,351
mssv,e661ce65e242631c3a53.jpg,72405916,72405?1?,72405?1?,False,data\eval_artifacts\e661ce65e242631c3a53\crops\mssv.png,2,2,2,2,318,438,343,329,477,338,341,351,361,318,374,354
mssv,e661ce65e242631c3a53.jpg,72405916,72405?1?,72405?1?,False,data\eval_artifacts\e661ce65e242631c3a53\crops\mssv.png,3,4,4,4,337,457,361,337,343,358,484,367,377,338,369,370
mssv,e661ce65e242631c3a53.jpg,72405916,72405?1?,72405?1?,False,data\eval_artifacts\e661ce65e242631c3a53\crops\mssv.png,4,0,0,0,324,444,490,335,349,353,342,362,371,324,376,364
mssv,e661ce65e242631c3a53.jpg,72405916,72405?1?,72405?1?,False,data\eval_artifacts\e661ce65e242631c3a53\crops\mssv.png,5,5,5,5,322,442,358,327,345,346,342,475,353,322,354,354
mssv,e661ce65e242631c3a53.jpg,72405916,72405?1?,72405?1?,False,data\eval_artifacts\e661ce65e242631c3a53\crops\mssv.png,6,?,,9,322,442,357,322,350,342,342,362,362,333,359,427
mssv,e661ce65e242631c3a53.jpg,72405916,72405?1?,72405?1?,False,data\eval_artifacts\e661ce65e242631c3a53\crops\mssv.png,7,1,1,1,310,430,353,500,349,356,345,347,350,310,357,355
mssv,e661ce65e242631c3a53.jpg,72405916,72405?1?,72405?1?,False,data\eval_artifacts\e661ce65e242631c3a53\crops\mssv.png,8,?,,6,318,438,339,331,350,350,348,341,435,318,348,340
ma_de,4461f793dbb45aea03a5.jpg,135,13?,13?,False,data\eval_artifacts\4461f793dbb45aea03a5\crops\ma_de.png,1,1,1,1,389,509,408,588,410,405,394,391,405,389,410,423
ma_de,4461f793dbb45aea03a5.jpg,135,13?,13?,False,data\eval_artifacts\4461f793dbb45aea03a5\crops\ma_de.png,2,3,3,3,367,487,404,380,406,576,391,414,426,367,376,413
ma_de,4461f793dbb45aea03a5.jpg,135,13?,13?,False,data\eval_artifacts\4461f793dbb45aea03a5\crops\ma_de.png,3,?,,5,348,468,388,367,386,397,385,447,399,367,407,348
ma_de,4a6b7a9056b7d7e98ea6.jpg,135,13?,13?,False,data\eval_artifacts\4a6b7a9056b7d7e98ea6\crops\ma_de.png,1,1,1,1,320,440,342,464,355,346,340,357,334,320,353,355
ma_de,4a6b7a9056b7d7e98ea6.jpg,135,13?,13?,False,data\eval_artifacts\4a6b7a9056b7d7e98ea6\crops\ma_de.png,2,3,3,3,317,437,355,317,359,448,335,357,360,322,329,354
ma_de,4a6b7a9056b7d7e98ea6.jpg,135,13?,13?,False,data\eval_artifacts\4a6b7a9056b7d7e98ea6\crops\ma_de.png,3,?,,5,307,427,356,315,334,330,307,365,360,310,351,334
ma_de,b1262cde00f981a7d8e8.jpg,135,13?,13?,False,data\eval_artifacts\b1262cde00f981a7d8e8\crops\ma_de.png,1,1,1,1,355,475,357,534,378,378,372,364,356,355,387,383
ma_de,b1262cde00f981a7d8e8.jpg,135,13?,13?,False,data\eval_artifacts\b1262cde00f981a7d8e8\crops\ma_de.png,2,3,3,3,318,438,377,324,362,534,360,377,369,318,374,369
ma_de,b1262cde00f981a7d8e8.jpg,135,13?,13?,False,data\eval_artifacts\b1262cde00f981a7d8e8\crops\ma_de.png,3,?,,5,333,453,369,333,359,353,352,451,377,339,351,339
ma_de,bd65cc80e0a761f938b6.jpg,135,13?,13?,False,data\eval_artifacts\bd65cc80e0a761f938b6\crops\ma_de.png,1,1,1,1,412,532,446,622,412,428,412,439,414,415,431,447
ma_de,bd65cc80e0a761f938b6.jpg,135,13?,13?,False,data\eval_artifacts\bd65cc80e0a761f938b6\crops\ma_de.png,2,3,3,3,385,505,441,392,410,619,399,408,450,385,422,446
ma_de,bd65cc80e0a761f938b6.jpg,135,13?,13?,False,data\eval_artifacts\bd65cc80e0a761f938b6\crops\ma_de.png,3,?,,5,359,479,414,389,400,398,390,479,431,359,387,421
ma_de,020c2de101c68098d9d7.jpg,968,??8,??8,False,data\eval_artifacts\020c2de101c68098d9d7\crops\ma_de.png,1,?,,9,366,486,392,366,399,400,390,391,405,382,433,449
ma_de,020c2de101c68098d9d7.jpg,968,??8,??8,False,data\eval_artifacts\020c2de101c68098d9d7\crops\ma_de.png,2,?,,6,362,482,410,367,376,385,391,408,464,362,408,392
ma_de,020c2de101c68098d9d7.jpg,968,??8,??8,False,data\eval_artifacts\020c2de101c68098d9d7\crops\ma_de.png,3,8,8,8,314,434,402,370,394,372,360,395,404,367,490,314
ma_de,1567c1e9ecce6d9034df.jpg,968,??8,??8,False,data\eval_artifacts\1567c1e9ecce6d9034df\crops\ma_de.png,1,?,,9,379,499,429,400,413,401,414,433,435,379,425,494
ma_de,1567c1e9ecce6d9034df.jpg,968,??8,??8,False,data\eval_artifacts\1567c1e9ecce6d9034df\crops\ma_de.png,2,?,,6,391,511,422,393,419,407,410,433,484,393,391,427
ma_de,1567c1e9ecce6d9034df.jpg,968,??8,??8,False,data\eval_artifacts\1567c1e9ecce6d9034df\crops\ma_de.png,3,8,8,8,368,488,410,391,407,391,393,412,429,376,515,368
ma_de,19859f7bb35c32026b4d.jpg,968,???,???,False,data\eval_artifacts\19859f7bb35c32026b4d\crops\ma_de.png,1,?,,9,369,489,410,383,399,411,395,407,407,369,407,435
ma_de,19859f7bb35c32026b4d.jpg,968,???,???,False,data\eval_artifacts\19859f7bb35c32026b4d\crops\ma_de.png,2,?,,0,366,486,429,377,389,393,404,416,421,366,411,418
ma_de,19859f7bb35c32026b4d.jpg,968,???,???,False,data\eval_artifacts\19859f7bb35c32026b4d\crops\ma_de.png,3,?,,8,346,466,405,376,403,382,374,394,406,346,462,394
ma_de,502b9fc8b3ef32b16bfe.jpg,968,???,???,False,data\eval_artifacts\502b9fc8b3ef32b16bfe\crops\ma_de.png,1,?,,9,319,439,353,342,344,349,334,350,351,319,348,378
ma_de,502b9fc8b3ef32b16bfe.jpg,968,???,???,False,data\eval_artifacts\502b9fc8b3ef32b16bfe\crops\ma_de.png,2,?,,0,312,432,355,319,338,342,338,334,330,312,342,345
ma_de,502b9fc8b3ef32b16bfe.jpg,968,???,???,False,data\eval_artifacts\502b9fc8b3ef32b16bfe\crops\ma_de.png,3,?,,0,287,407,345,323,329,322,313,330,327,287,345,344
ma_de,d2d96838441fc5419c0e.jpg,968,???,???,False,data\eval_artifacts\d2d96838441fc5419c0e\crops\ma_de.png,1,?,,9,314,434,350,334,353,342,325,355,361,314,342,370
ma_de,d2d96838441fc5419c0e.jpg,968,???,???,False,data\eval_artifacts\d2d96838441fc5419c0e\crops\ma_de.png,2,?,,0,315,435,355,326,346,347,342,346,353,315,344,353
ma_de,d2d96838441fc5419c0e.jpg,968,???,???,False,data\eval_artifacts\d2d96838441fc5419c0e\crops\ma_de.png,3,?,,0,303,423,363,330,338,331,325,333,345,303,363,350
ma_de,14405a4e7669f737ae78.jpg,408,?08,?08,False,data\eval_artifacts\14405a4e7669f737ae78\crops\ma_de.png,1,?,,8,351,471,387,351,384,392,415,381,419,374,421,353
ma_de,14405a4e7669f737ae78.jpg,408,?08,?08,False,data\eval_artifacts\14405a4e7669f737ae78\crops\ma_de.png,2,0,0,0,340,460,540,368,340,371,381,406,406,343,407,407
ma_de,14405a4e7669f737ae78.jpg,408,?08,?08,False,data\eval_artifacts\14405a4e7669f737ae78\crops\ma_de.png,3,8,8,8,344,464,370,344,379,383,358,355,380,359,470,373
ma_de,7126b2d39ef41faa46e5.jpg,408,?08,?08,False,data\eval_artifacts\7126b2d39ef41faa46e5\crops\ma_de.png,1,?,,6,334,454,362,358,383,370,376,391,397,334,350,383
ma_de,7126b2d39ef41faa46e5.jpg,408,?08,?08,False,data\eval_artifacts\7126b2d39ef41faa46e5\crops\ma_de.png,2,0,0,0,348,468,508,360,354,376,357,365,374,348,386,377
ma_de,7126b2d39ef41faa46e5.jpg,408,?08,?08,False,data\eval_artifacts\7126b2d39ef41faa46e5\crops\ma_de.png,3,8,8,8,313,433,361,313,352,366,343,350,373,339,434,355
ma_de,78f60bfa27dda683ffcc.jpg,408,??8,??8,False,data\eval_artifacts\78f60bfa27dda683ffcc\crops\ma_de.png,1,?,,8,326,446,349,335,352,346,349,345,353,326,355,333
ma_de,78f60bfa27dda683ffcc.jpg,408,??8,??8,False,data\eval_artifacts\78f60bfa27dda683ffcc\crops\ma_de.png,2,?,,0,326,446,440,326,358,348,327,334,352,326,339,361
ma_de,78f60bfa27dda683ffcc.jpg,408,??8,??8,False,data\eval_artifacts\78f60bfa27dda683ffcc\crops\ma_de.png,3,8,8,8,309,429,347,309,331,324,342,347,330,309,435,326
ma_de,f302a400882709795036.jpg,408,?0?,?0?,False,data\eval_artifacts\f302a400882709795036\crops\ma_de.png,1,?,,0,334,454,371,334,341,356,348,359,340,337,366,340
ma_de,f302a400882709795036.jpg,408,?0?,?0?,False,data\eval_artifacts\f302a400882709795036\crops\ma_de.png,2,0,0,0,298,418,446,330,333,346,342,347,367,298,367,357
ma_de,f302a400882709795036.jpg,408,?0?,?0?,False,data\eval_artifacts\f302a400882709795036\crops\ma_de.png,3,?,,8,313,433,315,313,352,351,323,323,349,316,433,324
ma_de,5c6dd96ef54974172d58.jpg,517,?17,?17,False,data\eval_artifacts\5c6dd96ef54974172d58\crops\ma_de.png,1,?,,5,338,458,382,339,368,363,346,456,382,338,385,376
ma_de,5c6dd96ef54974172d58.jpg,517,?17,?17,False,data\eval_artifacts\5c6dd96ef54974172d58\crops\ma_de.png,2,1,1,1,341,461,376,468,358,368,357,371,377,341,373,368
ma_de,5c6dd96ef54974172d58.jpg,517,?17,?17,False,data\eval_artifacts\5c6dd96ef54974172d58\crops\ma_de.png,3,7,7,7,341,461,381,341,360,356,350,354,377,528,376,359
ma_de,41ed75cd59ead8b481fb.jpg,593,???,???,False,data\eval_artifacts\41ed75cd59ead8b481fb\crops\ma_de.png,1,?,,5,368,488,395,391,413,403,409,472,432,368,420,427
ma_de,41ed75cd59ead8b481fb.jpg,593,???,???,False,data\eval_artifacts\41ed75cd59ead8b481fb\crops\ma_de.png,2,?,,9,366,486,424,366,409,406,388,421,436,385,413,458
ma_de,41ed75cd59ead8b481fb.jpg,593,???,???,False,data\eval_artifacts\41ed75cd59ead8b481fb\crops\ma_de.png,3,?,,3,374,494,419,374,386,437,386,395,411,382,409,384
ma_de,48fa0df221d5a08bf9c4.jpg,593,???,???,False,data\eval_artifacts\48fa0df221d5a08bf9c4\crops\ma_de.png,1,?,,9,327,447,336,345,361,359,362,360,363,327,362,365
ma_de,48fa0df221d5a08bf9c4.jpg,593,???,???,False,data\eval_artifacts\48fa0df221d5a08bf9c4\crops\ma_de.png,2,?,,6,314,434,369,314,367,352,355,369,372,336,372,362
ma_de,48fa0df221d5a08bf9c4.jpg,593,???,???,False,data\eval_artifacts\48fa0df221d5a08bf9c4\crops\ma_de.png,3,?,,5,322,442,356,322,332,357,335,362,343,334,360,358
ma_de,69ce96efbac83b9662d9.jpg,593,???,???,False,data\eval_artifacts\69ce96efbac83b9662d9\crops\ma_de.png,1,?,,5,339,459,368,370,370,374,361,425,389,339,377,386
ma_de,69ce96efbac83b9662d9.jpg,593,???,???,False,data\eval_artifacts\69ce96efbac83b9662d9\crops\ma_de.png,2,?,,9,348,468,393,353,365,354,355,379,387,348,361,407
ma_de,69ce96efbac83b9662d9.jpg,593,???,???,False,data\eval_artifacts\69ce96efbac83b9662d9\crops\ma_de.png,3,?,,6,333,453,375,339,364,350,354,366,380,333,366,365
ma_de,df7a73f65ed1df8f86c0.jpg,593,5??,5??,False,data\eval_artifacts\df7a73f65ed1df8f86c0\crops\ma_de.png,1,5,5,5,320,440,398,320,369,409,406,481,427,381,427,409
ma_de,df7a73f65ed1df8f86c0.jpg,593,5??,5??,False,data\eval_artifacts\df7a73f65ed1df8f86c0\crops\ma_de.png,2,?,,9,350,470,408,378,396,385,350,367,418,378,419,428
ma_de,df7a73f65ed1df8f86c0.jpg,593,5??,5??,False,data\eval_artifacts\df7a73f65ed1df8f86c0\crops\ma_de.png,3,?,,3,327,447,407,376,394,431,382,393,406,327,365,397
ma_de,13f0147f3958b806e149.jpg,725,?2?,?2?,False,data\eval_artifacts\13f0147f3958b806e149\crops\ma_de.png,1,?,,7,345,465,380,345,363,358,360,377,380,431,365,384
ma_de,13f0147f3958b806e149.jpg,725,?2?,?2?,False,data\eval_artifacts\13f0147f3958b806e149\crops\ma_de.png,2,2,2,2,342,462,372,343,523,359,358,380,384,342,342,384
ma_de,13f0147f3958b806e149.jpg,725,?2?,?2?,False,data\eval_artifacts\13f0147f3958b806e149\crops\ma_de.png,3,?,,5,326,446,364,346,365,360,353,415,377,326,363,326
ma_de,46c379db55fcd4a28ded.jpg,725,?2?,?2?,False,data\eval_artifacts\46c379db55fcd4a28ded\crops\ma_de.png,1,?,,7,351,471,381,351,364,368,358,377,390,420,370,380
ma_de,46c379db55fcd4a28ded.jpg,725,?2?,?2?,False,data\eval_artifacts\46c379db55fcd4a28ded\crops\ma_de.png,2,2,2,2,330,450,380,350,486,362,342,373,382,330,376,380
ma_de,46c379db55fcd4a28ded.jpg,725,?2?,?2?,False,data\eval_artifacts\46c379db55fcd4a28ded\crops\ma_de.png,3,?,,5,326,446,368,342,363,355,350,386,342,328,361,326
ma_de,e34fc149ed6e6c30357f.jpg,725,?2?,?2?,False,data\eval_artifacts\e34fc149ed6e6c30357f\crops\ma_de.png,1,?,,7,341,461,376,341,368,377,363,386,368,453,386,385
ma_de,e34fc149ed6e6c30357f.jpg,725,?2?,?2?,False,data\eval_artifacts\e34fc149ed6e6c30357f\crops\ma_de.png,2,2,2,2,344,464,374,352,531,372,366,382,391,344,367,393
ma_de,e34fc149ed6e6c30357f.jpg,725,?2?,?2?,False,data\eval_artifacts\e34fc149ed6e6c30357f\crops\ma_de.png,3,?,,5,325,445,325,326,332,334,345,432,373,334,379,345
ma_de,e661ce65e242631c3a53.jpg,725,?2?,?2?,False,data\eval_artifacts\e661ce65e242631c3a53\crops\ma_de.png,1,?,,7,330,450,356,330,347,360,348,364,374,433,377,373
ma_de,e661ce65e242631c3a53.jpg,725,?2?,?2?,False,data\eval_artifacts\e661ce65e242631c3a53\crops\ma_de.png,2,2,2,2,323,443,361,323,489,349,329,345,359,324,353,372
ma_de,e661ce65e242631c3a53.jpg,725,?2?,?2?,False,data\eval_artifacts\e661ce65e242631c3a53\crops\ma_de.png,3,?,,5,301,421,355,324,335,336,326,408,353,301,362,338
